"","variable","Mean","SD","time_series_se","2.5%","50%","97.5%","mc_error","converge"
"1","B.sum",7.628498326793,1.99908535023565,0.036505559221432,4.51302361345314,7.36702867998559,12.2330018897073,0.0182611308802442,"true"
"2","D.sum",17.4420686205202,4.62627579815194,0.0895428246865831,9.94429396905287,16.9033387297767,28.2849380186307,0.0193552716252569,"true"
"3","H.B[1]",8246.69343026651,5877.16248703064,107.315284971934,1497.71706016912,6944.76610846637,22129.0656051125,0.0182597103974497,"true"
"4","H.B[2]",8125.65074102167,5525.89560690039,100.914629783261,1601.62593923573,6935.82733446473,22224.4534212492,0.0182621310574969,"true"
"5","H.B[3]",7488.81514366009,4785.03144946514,87.3629234041675,1524.0059630921,6429.21890745662,20433.0962031382,0.0182575442453848,"true"
"6","H.B[4]",5753.86280974617,1116.71527535487,19.7702632789318,3856.9668958527,5680.75345181483,8238.19750373316,0.0177039427285073,"true"
"7","H.B[5]",9330.19677410362,1778.20060976597,33.2492182912154,6298.99216289938,9175.96269578468,13081.5093742783,0.0186982380439018,"true"
"8","H.B[6]",2914.45461440262,570.138469642478,10.412458493162,1986.17885182298,2861.89563824652,4162.77131275881,0.0182630344163435,"true"
"9","H.B[7]",7213.66737083317,1318.07155023362,21.3813630710975,4985.36274267387,7118.68458271027,10101.6352212894,0.0162217013691767,"true"
"10","H.B[8]",4305.82573980533,836.86047595622,15.0310744036142,2877.1911821808,4234.34408533317,6097.6653214639,0.0179612669440975,"true"
"11","H.B[9]",8996.81135135006,4821.28114159538,87.0466643616287,2175.78130619642,8152.92237461084,20445.185553696,0.0180546750552748,"true"
"12","H.B[10]",9859.65010454099,1826.2914416379,32.9804771514729,6831.02155400329,9674.67364622202,13898.9315562256,0.0180587152737761,"true"
"13","H.B[11]",15979.7009379886,2874.96386327958,52.4839163625218,10989.6968794689,15748.2403586197,22307.5905103489,0.0182555047153363,"true"
"14","H.B[12]",1726.11340215147,343.910180844098,5.93359243792161,1147.76341828382,1696.08467058334,2480.70933836957,0.0172533201063083,"true"
"15","H.B[13]",7961.26268589336,1466.17920896918,25.7991271230438,5465.28544201473,7856.74822035608,11126.1352628307,0.0175961621643661,"true"
"16","H.B[14]",6928.38342464549,1277.61830028177,23.2019512343193,4770.81016463774,6795.96420804243,9801.02140379212,0.0181603153533432,"true"
"17","H.B[15]",3317.24526049934,623.503924906911,11.4336072759357,2261.0000793754,3260.25071536034,4659.1500805815,0.0183376668842024,"true"
"18","H.B[16]",1557.5239392655,309.653876813031,5.48262448103632,1037.26613947817,1527.87572884286,2226.07739336457,0.0177056542532704,"true"
"19","H.B[17]",1730.06143183375,348.323490724043,6.36143892143089,1161.22435548673,1693.59024346691,2509.37214048741,0.0182630201259401,"true"
"20","H.B[18]",9429.57580209057,1723.12482726362,31.4645446731631,6497.94726752503,9266.00035947856,13164.4473038804,0.0182601655871502,"true"
"21","H.B[19]",11807.0340652753,2165.50096602084,38.6745876538626,8141.56025933649,11659.0219108233,16627.6115032019,0.0178594183335453,"true"
"22","H.B[20]",7405.23429164877,1408.11037225212,25.6995305339919,5034.12624580838,7293.23784438097,10500.0908152769,0.0182510767908685,"true"
"23","H.B[21]",13629.5250047104,2422.89392459932,44.2492335556537,9380.69373048081,13396.484786868,18844.243620754,0.0182629677289613,"true"
"24","H.B[22]",11059.9758780494,1971.11740536224,36.0659490502477,7681.96409381234,10913.8077695055,15301.4897427948,0.0182972099744711,"true"
"25","H.B[23]",8351.65053620306,1497.77308192233,27.3407151470461,5767.35433327591,8262.79030820024,11540.6510027226,0.0182542439018569,"true"
"26","H.B[24]",7612.85235287595,1386.0280836934,24.3619736019068,5288.38801555397,7505.1292440924,10661.082417853,0.0175768253822018,"true"
"27","H.B[25]",3568.18124014885,697.254894202947,12.728362581078,2384.95363829857,3501.88470128488,5148.79195610769,0.0182549634099423,"true"
"28","H.B[26]",5641.88264336125,1065.50384268657,19.4543662516182,3814.27908852028,5565.43607962784,8005.93957794312,0.0182583726798824,"true"
"29","H.B[27]",5470.3946860494,1040.59042165211,18.1153337188748,3736.51335311569,5365.73207475728,7837.54971410631,0.0174087069628353,"true"
"30","H.B[28]",7096.3448712717,1291.67819196236,23.6293769097501,4908.03122280302,6975.0525858352,9937.92450833014,0.018293547926091,"true"
"31","H.B[29]",2868.22511886575,544.334409285056,9.79971614794404,1943.18841890763,2805.67834368833,4070.1281123598,0.0180031171661833,"true"
"32","H.B[30]",3761.75789445458,688.291501805318,12.546608205428,2580.89756662381,3708.12920867711,5316.40352495879,0.0182286257675993,"true"
"33","H.B[31]",4143.53471841741,761.610539210995,13.6084017378974,2846.03137764915,4068.60112732866,5832.83938086816,0.0178679272899707,"true"
"34","H.B[32]",3648.9730528806,686.440224047418,12.633467565603,2524.33060153515,3571.64373207098,5141.3816511536,0.0184043229447031,"true"
"35","H.B[33]",1607.75921293027,318.814844701733,5.82259537551109,1091.03287471941,1573.47506119911,2324.07912827744,0.0182632505113067,"true"
"36","H.B[34]",4903.12070684025,894.206663441043,15.6842638186068,3391.17084300695,4819.38874416208,6890.7663131017,0.0175398646194957,"true"
"37","H.B[35]",2314.29160321661,439.934909340537,8.17537050952141,1556.44754523906,2257.80352574106,3242.83826833159,0.0185831365866744,"true"
"38","H.B[36]",3002.82751970135,567.009136033924,9.94989550044916,2063.44907660598,2953.11508941222,4280.72781315045,0.0175480338289538,"true"
"39","H.B[37]",1686.79156127056,323.813119928779,5.91073049794615,1117.91928587741,1649.95438565985,2408.68183521991,0.0182535238203016,"true"
"40","MSY.c",8948.33214659063,13914.8632384453,254.121836710936,4656.34010949579,7725.22209701138,16492.3241345947,0.0182626183496238,"true"
"41","N[1]",18744.204296926,5913.46134808233,107.980481717853,11930.1360466014,17464.8524396689,32631.9819438356,0.0182601145694255,"true"
"42","N[2]",18744.7728850956,5537.6039818022,101.130765839805,12115.70786761,17516.6648919365,32868.9362131202,0.0182625493213568,"true"
"43","N[3]",15988.6010385672,5106.87990397896,93.2362731402332,9155.41071943383,15021.5364116093,29232.2667399925,0.0182569934859031,"true"
"44","N[4]",13729.868857419,1954.19617708489,35.6817243982901,10314.7626121875,13616.7560246027,17886.561938223,0.0182590288614305,"true"
"45","N[5]",19814.5191623889,2582.76835737304,48.3512802143827,15248.5975675465,19636.9620434031,25316.4475491393,0.0187207188272824,"true"
"46","N[6]",9790.43519917865,2496.91068477606,45.7840503344104,5794.339937075,9488.95405788966,15509.8531629397,0.0183362787518035,"true"
"47","N[7]",21322.0285437401,1429.00742895673,26.0769764933275,18857.6698376321,21212.1763401814,24386.8626221407,0.0182483141549273,"true"
"48","N[8]",20479.1937869922,2841.14592979331,51.8784036600169,15453.691793974,20282.3205090084,26870.8632713213,0.0182596758286861,"true"
"49","N[9]",17417.2213634751,5376.39078145412,93.4796526095725,9101.07519211327,16788.7015453601,29499.9598368682,0.0173870643726328,"true"
"50","N[10]",20283.7684518063,2820.43281814957,52.3872167692418,15361.354227173,20069.3957328623,26389.7964819373,0.018574176428571,"true"
"51","N[11]",25182.8884643255,5287.68818556227,98.6074861483166,16727.1917533705,24701.330182421,37500.8639603126,0.0186485062446683,"true"
"52","N[12]",13472.370048475,5114.42079843127,92.2955437868348,6100.42629376242,12740.931068865,24783.2451193556,0.0180461380524544,"true"
"53","N[13]",16182.7791084908,1552.33160515364,28.9074088198581,13446.93107118,16060.0032336052,19520.4382732829,0.0186219289254225,"true"
"54","N[14]",18886.6841683742,1574.73149290739,28.3114584032582,16140.5508714486,18828.8762110998,22236.5195200549,0.0179785941481283,"true"
"55","N[15]",9253.78524905976,957.914061362572,17.5138558044037,7518.25214384216,9211.13789869645,11220.4034195108,0.0182833267730629,"true"
"56","N[16]",13602.8291172534,1987.21529714342,35.4899890781728,10169.6034971713,13418.5535324125,17975.40191343,0.017859156543928,"true"
"57","N[17]",12737.8216397473,1807.13538209776,33.0045607595205,9558.92546751496,12642.5851038597,16688.6117658385,0.0182634688504677,"true"
"58","N[18]",17585.1891781793,2142.7941095966,39.1325066383116,13764.1342308528,17438.2242939503,22022.4918643671,0.0182623736284578,"true"
"59","N[19]",21123.391732474,2314.70003884396,41.4850547377009,17129.6106845596,20939.0195498489,26434.005028882,0.0179224322985798,"true"
"60","N[20]",12527.1455517597,1429.90750686894,26.0967829768267,10117.9744017983,12411.6070764885,15673.8282431658,0.0182506790484447,"true"
"61","N[21]",20657.6036120636,2453.60320731647,44.8090496265428,16376.7748192389,20413.416027487,25970.2244657071,0.018262549336798,"true"
"62","N[22]",18877.2624766507,2016.71363435041,36.8574843896496,15387.8549783893,18739.8866879913,23235.3014876464,0.0182760128963582,"true"
"63","N[23]",15910.7701622116,1540.20070546447,28.1164269426655,13179.694663306,15830.5992820974,19137.0176545828,0.0182550409455803,"true"
"64","N[24]",11785.6240872562,1395.23822984966,25.4175738307911,9430.22175497044,11664.2150442075,14804.5367604813,0.0182173719777803,"true"
"65","N[25]",6696.91711361416,710.199439235183,12.9665992199024,5457.42609364509,6633.67340753674,8256.58250137265,0.0182576872122938,"true"
"66","N[26]",7434.05797163733,1068.00119302463,19.8239315494678,5623.3829028123,7363.36654249409,9789.69060148159,0.0185617129259243,"true"
"67","N[27]",9171.62085462147,1059.06652409324,18.4346348817673,7409.6699457829,9071.72078906577,11551.5877736377,0.0174064937965543,"true"
"68","N[28]",12731.0605722697,1315.09629510393,23.9987796062047,10408.6493269865,12641.2766672165,15551.6483305334,0.0182486861954912,"true"
"69","N[29]",7644.15619284349,591.995128010042,10.8027401501362,6594.21390943889,7595.75242918834,8965.98863257958,0.01824802205121,"true"
"70","N[30]",9441.43153141864,748.701539763417,13.5212948180576,8155.42314781622,9383.82875641267,11129.5442969714,0.0180596594236072,"true"
"71","N[31]",10487.7543946976,826.989783788605,15.8843813296522,9047.56844992565,10409.8890301662,12273.6336770553,0.0192074698394491,"true"
"72","N[32]",8725.02931869617,718.695004749198,13.1053486998887,7490.46134323374,8666.73019958221,10243.1736415809,0.0182349238735311,"true"
"73","N[33]",6527.18720589109,399.308609743575,7.46692547752362,5820.40241308627,6500.76005341383,7376.11453078008,0.0186996355583684,"true"
"74","N[34]",10428.6368187707,934.014247925418,16.6543904532996,8829.69040730347,10367.251908017,12501.4546199187,0.0178309811550428,"true"
"75","N[35]",5779.12646330095,472.707270924653,8.78833491830762,4957.84610425884,5745.78640683002,6750.59208348826,0.0185914951151839,"true"
"76","N[36]",7255.2490156429,603.147640353669,10.5564836710708,6205.08622989982,7217.09391799563,8587.55635097868,0.0175023210981655,"true"
"77","N[37]",8158.29388910971,450.303787572613,8.22107813099901,7340.93196258142,8136.15407312912,9114.63787296157,0.0182567376910489,"true"
"78","N.ya[1,1]",7180.23024229083,3971.8026658775,75.2827275711819,1921.27197089173,6466.27826027666,16573.9813939706,0.0189542970545717,"true"
"79","N.ya[2,1]",6593.6892315208,3410.29001132101,64.3984833600159,1729.26411510477,6046.94007267769,14498.1185594201,0.0188835797384488,"true"
"80","N.ya[3,1]",5081.9798794369,2635.069205325,49.3909821152172,1598.41165583475,4566.0708288222,11686.8726238087,0.0187437134536759,"true"
"81","N.ya[4,1]",6620.97150783432,1116.62423262995,20.3853288059675,4698.46987059942,6556.25611976263,9049.48613412943,0.0182562120812608,"true"
"82","N.ya[5,1]",1672.02319666106,532.478339392122,9.72183323058724,804.821773239118,1616.85646572564,2816.2511232375,0.0182577064856492,"true"
"83","N.ya[6,1]",4084.41162534334,1147.0273222563,20.9409310673886,2304.30884819507,3944.96466561287,6727.74504953941,0.0182566976924282,"true"
"84","N.ya[7,1]",5540.48712388966,977.396659496103,17.848034809511,3818.08774098633,5489.9283873834,7648.52154945609,0.0182607896559751,"true"
"85","N.ya[8,1]",8677.27986489766,1569.69258134415,28.2322833062193,5923.92815659014,8608.19417799087,11990.8862350733,0.0179858678328234,"true"
"86","N.ya[9,1]",6497.25585236431,3211.1807784528,56.0578728152612,1897.23620059672,5820.84006142951,14211.5563938998,0.0174570902988124,"true"
"87","N.ya[10,1]",8124.65784474656,1487.20336964792,27.1609058823968,5533.66006209993,8004.34290144466,11385.4514104373,0.0182630744636001,"true"
"88","N.ya[11,1]",8264.59678922268,4361.89226256729,77.9869845597971,2200.34062508496,7425.73729580093,18722.3266462287,0.0178791634147094,"true"
"89","N.ya[12,1]",4233.18140283763,2213.99106441027,40.9857386810564,1255.51836534683,3790.01972323818,9494.02969612676,0.0185121518058039,"true"
"90","N.ya[13,1]",6972.65525564768,1002.22078127507,17.8091407284399,5227.6323001776,6901.18650953813,9194.69140601672,0.0177696781599183,"true"
"91","N.ya[14,1]",2790.7735703862,655.786394287549,11.9752162100209,1678.4443106761,2749.24136073288,4219.94998100863,0.0182608488287271,"true"
"92","N.ya[15,1]",4497.18723772087,631.293123706968,11.5261210162786,3356.25238006125,4463.63024480601,5819.16775194652,0.0182579543217531,"true"
"93","N.ya[16,1]",6883.88596616004,1217.38442093285,22.2238435470544,4782.62417173397,6750.81561932489,9666.31444051628,0.0182554032768259,"true"
"94","N.ya[17,1]",4926.34380877523,875.608327716592,15.4962048380675,3426.55184924346,4873.64555793515,6772.54350368487,0.0176976444233673,"true"
"95","N.ya[18,1]",8163.72274798604,1308.96593591516,24.8016568044401,5959.77249736453,8051.9387866805,11077.8377773312,0.0189475188955931,"true"
"96","N.ya[19,1]",8174.2747274639,1366.85540314574,25.9558436396836,5836.600025814,8043.87480420008,11164.5064203724,0.018989458270383,"true"
"97","N.ya[20,1]",7118.22031175634,1006.47896483028,18.4945946614343,5371.65545990676,7025.62975604609,9315.80220781677,0.0183755401828522,"true"
"98","N.ya[21,1]",3835.67294873464,874.822893301586,15.6964954703965,2332.69792306639,3784.19281521393,5748.37482286973,0.0179424836622163,"true"
"99","N.ya[22,1]",5346.18370912464,976.217805796043,17.2658131675326,3625.53030127965,5284.55365680435,7495.62615053114,0.0176864354092101,"true"
"100","N.ya[23,1]",4655.10697171151,808.158763121473,14.7545235414728,3231.0489320803,4600.11526457438,6472.33564698374,0.0182569616451156,"true"
"101","N.ya[24,1]",4643.61009884007,787.508751235165,14.3713000493403,3268.50805212104,4591.66625715699,6341.22100526479,0.0182490671078888,"true"
"102","N.ya[25,1]",1593.90321487956,318.444535559761,5.81573950675767,1024.44988116484,1572.23336066767,2274.34261261714,0.0182629590315776,"true"
"103","N.ya[26,1]",1878.80758301752,394.229801850891,6.82618754025043,1226.97540630967,1842.43437724318,2778.40293900806,0.0173152499080531,"true"
"104","N.ya[27,1]",2859.95305538113,519.492943433765,10.7326618187695,1929.45452778081,2826.80146936341,3972.46521300829,0.0206598798971711,"true"
"105","N.ya[28,1]",2924.56384738276,571.561331121041,10.7246717985129,1920.18577650226,2894.68338681629,4153.52804433978,0.0187638162600642,"true"
"106","N.ya[29,1]",2705.45899099464,406.143624580295,7.24699051690533,1979.84549976922,2685.72266936493,3546.0285205286,0.0178434181366119,"true"
"107","N.ya[30,1]",3541.41479314984,526.2649241446,9.61050358657139,2607.60966957101,3520.69340285917,4688.39536532673,0.0182617217026053,"true"
"108","N.ya[31,1]",3797.89317136209,558.557488835158,10.1801437472736,2788.7521036027,3775.18777250861,4970.64336682042,0.0182257761300519,"true"
"109","N.ya[32,1]",4579.22040977283,564.504660163364,9.96483054982491,3547.79324048995,4544.6464541094,5748.98839239537,0.0176523441754071,"true"
"110","N.ya[33,1]",2595.39779299539,336.100896304601,6.03316769659327,1956.14287584856,2586.68085930442,3261.90616099347,0.0179504659550968,"true"
"111","N.ya[34,1]",6174.18014310541,744.188608841423,13.298939340227,4820.19293546797,6133.86493373312,7763.19052664242,0.0178703882083485,"true"
"112","N.ya[35,1]",1239.10411461037,240.986502008173,4.32378391337756,820.949363340471,1221.1990634945,1752.43647612896,0.0179420169899429,"true"
"113","N.ya[36,1]",5261.45971237306,539.45963906725,9.71050100218433,4324.07527999953,5220.77639697438,6448.53261102926,0.0180004217163942,"true"
"114","N.ya[37,1]",4436.50239130688,454.232364074773,8.61258950607703,3592.48406936376,4414.07872768123,5369.78488381974,0.0189607570645479,"true"
"115","N.ya[1,2]",10975.470625212,5483.49715383284,95.750951759078,3169.69878108633,10156.9072225086,23337.7082179888,0.0174616579662397,"true"
"116","N.ya[2,2]",11581.4317652776,5375.25045884896,98.1703198745064,3958.59450763936,10825.7572842115,24011.6892329545,0.0182633945387408,"true"
"117","N.ya[3,2]",10381.6433319028,4631.22876204048,84.5600965796217,3960.67248466219,9523.23061498202,22193.1942220814,0.0182586740850964,"true"
"118","N.ya[4,2]",6577.81161495338,1187.98390425517,21.6938206806228,4541.43737917443,6468.19637869882,9164.35518417387,0.0182610392303455,"true"
"119","N.ya[5,2]",17759.1232669582,2436.29732890705,44.858309772228,13419.8502239508,17614.3996171898,23023.3619893144,0.0184124939267376,"true"
"120","N.ya[6,2]",5484.36779182293,1472.47009936902,27.7483092359386,3158.07418038942,5311.95549929535,8877.72760854566,0.0188447352838127,"true"
"121","N.ya[7,2]",14562.6735862832,1375.28577141013,25.8059355072206,12031.0957115391,14499.3198051538,17376.9572096359,0.0187640532925465,"true"
"122","N.ya[8,2]",11200.2530064471,1825.41538358657,35.0145392516652,8028.09292878696,11118.6670570396,15104.626603468,0.0191816830111669,"true"
"123","N.ya[9,2]",10480.6543244122,4187.43266529494,74.2351629530594,4256.09719304191,9802.42087740652,20630.1156218462,0.0177280851745543,"true"
"124","N.ya[10,2]",11564.0778841508,1874.11427863197,34.2270137169774,8193.52837047743,11415.7834088268,15530.8108408089,0.0182630344943328,"true"
"125","N.ya[11,2]",16252.1506782293,5445.45972281003,101.19181731756,7144.58856009395,15790.8226203851,28261.7730038069,0.0185827868478553,"true"
"126","N.ya[12,2]",8784.1236356164,4237.32173796462,75.8296840517703,3174.54538734845,8000.87477670933,18809.2727113539,0.017895663520749,"true"
"127","N.ya[13,2]",7630.39972017635,1074.03898088484,19.6011978472063,5716.3556200693,7568.15665066592,9928.88275307684,0.0182499873804003,"true"
"128","N.ya[14,2]",16022.5764161801,1500.49548972036,26.2593643148926,13350.8865305001,15923.4423988972,19240.6573692309,0.0175004620105765,"true"
"129","N.ya[15,2]",4633.68334094677,664.819727787459,12.228717326193,3436.11145489543,4602.96306613266,6040.62949016636,0.0183940349768058,"true"
"130","N.ya[16,2]",6665.59266039488,1159.02522933227,20.7386402343018,4684.95749193432,6594.49262291137,9303.02104746575,0.0178931741168823,"true"
"131","N.ya[17,2]",7659.39887200069,1285.3353318643,23.4745436275699,5421.6560285139,7553.94633754887,10379.8974453759,0.0182633613545202,"true"
"132","N.ya[18,2]",9354.10787330797,1399.11548155679,25.5451671671937,6839.80673224282,9291.11220690274,12272.8555823336,0.0182580834133646,"true"
"133","N.ya[19,2]",12864.2533305072,1696.44098044273,30.9771984360567,9863.0125312321,12778.6262742367,16500.0660336959,0.0182601097198044,"true"
"134","N.ya[20,2]",5355.65085924772,848.528809399903,15.4884882334779,3864.64750060039,5288.41167757376,7162.47079878498,0.0182533439783048,"true"
"135","N.ya[21,2]",16741.072858786,2163.93187149522,39.5175598211308,12956.8916567687,16595.5218263043,21301.3124707505,0.0182619242045847,"true"
"136","N.ya[22,2]",13449.3715907832,1694.20390638628,30.9132326532114,10417.9489911917,13315.9465595719,17155.4920928945,0.01824646521985,"true"
"137","N.ya[23,2]",10910.0481731585,1275.55061056338,23.7070824558018,8596.28627116315,10835.7730100504,13619.4646408395,0.018585763872851,"true"
"138","N.ya[24,2]",6990.51336246809,989.812560275565,18.0377143534648,5268.16737932957,6925.49248313597,9131.38748825432,0.0182233637734836,"true"
"139","N.ya[25,2]",4841.30101698664,588.535613287751,10.7466790521567,3828.47110834719,4779.90453856183,6123.36633961708,0.0182600318647197,"true"
"140","N.ya[26,2]",5524.919599042,857.123091153502,17.668909678963,4017.17210597752,5474.56108225245,7388.34555322245,0.0206142033289343,"true"
"141","N.ya[27,2]",6275.51661557767,843.66935704785,14.8339208183277,4854.3916704959,6201.23453781102,8148.8540988337,0.0175826236835651,"true"
"142","N.ya[28,2]",9647.30694450559,1153.26839877052,21.1700967559331,7607.36562832264,9563.99112503748,12105.7906293957,0.0183566087291581,"true"
"143","N.ya[29,2]",4701.21410991377,500.775967701306,9.14345035116857,3783.58104551705,4685.77469313687,5733.25694748443,0.0182585645895497,"true"
"144","N.ya[30,2]",5783.14273487153,639.750813888907,12.0849002221628,4589.01965017182,5760.19214327038,7092.11565776762,0.0188900114854115,"true"
"145","N.ya[31,2]",6374.28688155473,710.39197791545,13.3428289001413,5102.52393426297,6328.79340661749,7826.12083952205,0.0187823473729166,"true"
"146","N.ya[32,2]",4036.732147475,523.69069424572,10.1036518310255,3074.61343685898,4018.81878907713,5111.7531626788,0.0192931666383302,"true"
"147","N.ya[33,2]",3905.01382055415,386.609229208663,7.05984999216244,3159.84469418668,3894.31922204152,4673.25614765289,0.018260945313212,"true"
"148","N.ya[34,2]",4122.34679332146,601.69672590572,10.9862978714254,3019.96775463496,4096.10517402865,5362.95994571377,0.018258862643615,"true"
"149","N.ya[35,2]",4418.35243478737,431.765082683763,7.91079906565428,3651.09441829549,4392.69300159515,5310.73159926267,0.0183219981951351,"true"
"150","N.ya[36,2]",1898.21442159205,336.068348918954,6.1358474682124,1305.57680181939,1880.2315336525,2625.14649240194,0.0182577368203517,"true"
"151","N.ya[37,2]",3629.37734767574,432.361963218501,7.89434381138151,2830.58305250344,3605.14883116735,4543.60867798745,0.0182586454937341,"true"
"152","N.ya[1,3]",588.503429423154,1089.36934866917,19.8829059427726,0.148987418043946,207.596081576561,3298.23662541184,0.018251758200341,"true"
"153","N.ya[2,3]",569.651888297183,953.189305996804,17.4078467629402,0.155342882822003,208.187042057968,3205.85289540486,0.0182627382130938,"true"
"154","N.ya[3,3]",524.977827227443,888.064753457219,16.2165518202351,0.12874504463586,197.687522697709,2949.12554223271,0.0182605511108333,"true"
"155","N.ya[4,3]",531.085734631326,260.86783704431,4.76108215015452,157.037446910611,484.710539660772,1144.69566180317,0.0182509358152336,"true"
"156","N.ya[5,3]",383.372698769628,248.166833016513,4.75077063503562,64.2516993081151,333.037085921276,968.613849034715,0.0191434551397909,"true"
"157","N.ya[6,3]",221.655782012378,153.100679233782,2.72750318786951,34.0507394166827,184.212970400451,606.174855834648,0.0178150952792617,"true"
"158","N.ya[7,3]",1218.86783356721,477.377322534076,9.09779374769534,472.877110694887,1156.49308002336,2357.91535653291,0.019057867473472,"true"
"159","N.ya[8,3]",601.660915647455,330.475070906618,6.03092124883533,146.764841679637,533.640475736749,1397.61125202303,0.0182492471589165,"true"
"160","N.ya[9,3]",439.311186698654,696.60386503755,12.6568405658706,0.051513789435318,167.205832006952,2298.09557456498,0.0181693516230898,"true"
"161","N.ya[10,3]",595.032722908922,335.350310026955,6.12192004784012,134.20781513751,525.629155703311,1414.09599422732,0.0182552986080378,"true"
"162","N.ya[11,3]",666.140996873557,1074.21993156319,20.5455041074885,0.120579445620708,253.049335287789,3703.31885583561,0.0191259755137768,"true"
"163","N.ya[12,3]",455.065010020985,699.052488123114,13.8496828735188,0.108029926475598,187.93237917162,2484.38061456401,0.0198120786476331,"true"
"164","N.ya[13,3]",1579.72413266676,478.012675647984,8.93119315544879,788.147888347956,1534.21757160016,2654.6120112578,0.018684009045036,"true"
"165","N.ya[14,3]",73.3341818079195,106.60684331737,1.94471585430768,0.0207676395477086,31.198322404569,361.982336379652,0.0182419420160321,"true"
"166","N.ya[15,3]",122.914670392119,105.416857385304,1.92518113348013,7.08857917684496,95.5415202111128,408.432942902764,0.0182625547870725,"true"
"167","N.ya[16,3]",53.3504906984399,76.0502573324181,1.45946853403316,0.0185923167533621,23.2323934438622,267.805049600083,0.0191908428087729,"true"
"168","N.ya[17,3]",152.078958971388,129.945414116404,2.33497791697804,9.98571827897191,115.031817835246,478.701707864887,0.0179689135846409,"true"
"169","N.ya[18,3]",67.3585568853224,97.0265012240551,1.77184964739396,0.010791639139198,30.1718253854713,331.209338581185,0.0182615020127581,"true"
"170","N.ya[19,3]",84.8636745028633,121.658168914107,2.22121310813813,0.0202305632314988,35.4711174448526,436.19380263115,0.0182578213034453,"true"
"171","N.ya[20,3]",53.2743807556519,79.0549231231758,1.47302104537552,0.0123071804961785,21.516985619208,283.313518077751,0.0186328818899792,"true"
"172","N.ya[21,3]",80.857804543025,120.839364599979,2.14946992761938,0.0142409429585531,32.187657653745,427.582801255212,0.0177878287819113,"true"
"173","N.ya[22,3]",81.7071767428858,119.345609079688,2.24120715273182,0.0348569812247999,34.2410669823227,432.435712293197,0.0187791337277885,"true"
"174","N.ya[23,3]",345.615017341658,218.028412773811,3.92167644184113,59.6637975180826,302.670994337014,883.5979899327,0.0179869971621983,"true"
"175","N.ya[24,3]",151.500625947994,126.576085064688,2.20526267689732,10.1752297122764,116.039508289874,472.228737220035,0.0174224275918338,"true"
"176","N.ya[25,3]",261.712881747954,125.406999308452,2.32859462775388,81.5140048667336,240.574225820146,558.68156641479,0.0185682987440473,"true"
"177","N.ya[26,3]",30.3307895778084,45.5253295188432,0.910520062396642,0.00534681491288881,13.0352095135381,157.738214197099,0.0200002959236083,"true"
"178","N.ya[27,3]",36.1511836626663,53.5582129825761,0.95541378907431,0.0147951667935776,14.9637100797783,194.742310304572,0.0178387913985318,"true"
"179","N.ya[28,3]",159.189780381373,131.432838901018,2.34032692390551,9.11464906798083,124.144172392924,497.519310661335,0.0178062571232142,"true"
"180","N.ya[29,3]",237.483091935076,127.918865381469,2.4096448070814,59.8506150611395,211.994504679596,543.757066398253,0.0188372903394315,"true"
"181","N.ya[30,3]",116.874003397269,96.0160471399915,1.78265571763232,8.66802776835967,90.2654628262467,368.38218777233,0.0185662269040633,"true"
"182","N.ya[31,3]",315.574341780741,169.027512676584,3.0423341632054,77.8747262436971,286.435131509771,724.899968966841,0.0179990471079497,"true"
"183","N.ya[32,3]",109.07676144834,90.9053557436777,1.60035296107143,7.0101053113654,84.1418541106815,344.034020305801,0.0176046058890511,"true"
"184","N.ya[33,3]",26.7755923415523,40.7001565138698,0.73776239696072,0.00463127900504401,10.748961052425,141.796865140314,0.0181267705127695,"true"
"185","N.ya[34,3]",132.109882343798,109.620880558542,2.10809445251729,8.53949720687457,104.06785514341,420.720371137681,0.0192307746642437,"true"
"186","N.ya[35,3]",121.669913903212,76.5207086224677,1.39747554152909,21.541434650322,104.827621098953,309.285201407095,0.0182627104046286,"true"
"187","N.ya[36,3]",95.57488167779,76.8368512817345,1.40263749294823,6.58111993215235,76.1050795488401,301.943947379253,0.0182547497659064,"true"
"188","N.ya[37,3]",92.4141501270933,78.1066095864974,1.42619243936965,6.18206568344606,71.530423103065,295.070273669699,0.0182595614752712,"true"
"189","R[1]",23036.3184760887,49673.5988557909,916.256805641623,3035.25624630579,17145.0553257579,73654.1770319936,0.0184455490793336,"true"
"190","R[2]",18517.0541259743,9175.19061621072,160.837058484231,5413.61744310112,17028.8702889673,39813.0655632389,0.0175295604431437,"true"
"191","R[3]",19286.6398347959,8414.08876223046,156.369175716489,7221.44818792939,17993.9059314368,38860.5554999079,0.0185842080034152,"true"
"192","R[4]",17506.418298055,6829.69988126427,127.68885872159,7396.61073916426,16460.4215164513,34449.1169710989,0.018696115633408,"true"
"193","R[5]",12043.1641931599,3133.19085331658,58.8483526523397,7347.96378399438,11639.4209822663,19508.9728830593,0.0187822432170217,"true"
"194","R[6]",24601.7505568049,2764.35626606864,50.0746878813399,19545.5506768718,24439.6471589877,30471.5197585496,0.0181144118419129,"true"
"195","R[7]",8375.2588220512,1746.75137261455,32.8541784056013,5493.99589053451,8200.8427631767,12198.0028105382,0.0188087319813723,"true"
"196","R[8]",19248.746127274,1877.5327397625,34.8812181780363,15863.2955564145,19155.7142732029,23291.7129933054,0.0185782210021268,"true"
"197","R[9]",17180.0513170354,2285.98297769812,43.4231340540816,13131.4921690248,17072.3107672255,22321.0402484927,0.0189953881886762,"true"
"198","R[10]",19752.9669122188,4773.191740247,88.7567191024358,12378.4194528141,19063.5467365091,30581.1300799733,0.0185948363134147,"true"
"199","R[11]",18727.4747333887,4253.55404912026,77.6197906997167,12221.3983968057,18191.4403197113,28317.5209530538,0.018248220147989,"true"
"200","R[12]",24831.8735329968,6005.27261983503,118.454889068676,14579.6586029363,24432.225128003,37851.656880008,0.0197251476439932,"true"
"201","R[13]",18628.4445575058,7339.10958579339,134.033946565272,8141.15281960985,17505.2538337926,35324.2178604015,0.0182629711409034,"true"
"202","R[14]",11936.9153048219,2640.47754769734,48.8739908903496,8095.11363023453,11553.8491152661,18138.5974384873,0.0185095271622251,"true"
"203","R[15]",23118.1463422199,1854.52739766868,33.8492833419592,19778.5099445318,23034.2669268725,26987.9549594977,0.0182522422610262,"true"
"204","R[16]",7477.80740203141,960.000604521089,17.8405156885838,5780.19621888185,7413.95080126204,9513.23205304498,0.0185838588065096,"true"
"205","R[17]",11314.8588570871,1367.49036119059,24.4770301470195,8854.40544819157,11233.0670179676,14176.326818352,0.0178992341311341,"true"
"206","R[18]",14610.643395046,1884.77896151316,34.4156129557746,11305.9534820383,14486.8358562341,18654.6026659367,0.0182597607775422,"true"
"207","R[19]",14365.3153565861,1713.81921450297,30.8332747705224,11244.2838434777,14249.1840363734,17986.6414004541,0.0179909727406485,"true"
"208","R[20]",21081.2504592489,2207.00942191638,40.303507140376,17131.9184081676,20933.8382876408,25662.7409393219,0.0182615926965005,"true"
"209","R[21]",13610.7833912546,1653.20297438444,33.2642058277332,10814.8508808172,13513.5277337999,17235.3982450518,0.0201210657996299,"true"
"210","R[22]",23941.0003472852,2458.97377366243,44.9013150240531,19695.471186748,23809.7073630478,29068.7979436715,0.0182601845961035,"true"
"211","R[23]",17630.6595568595,1972.05567117642,35.2176027426723,14143.9520020557,17469.5056076076,21881.3610006699,0.0178583207651858,"true"
"212","R[24]",16407.7325082311,1663.93568713357,28.2791317516633,13276.6768109201,16317.1324482904,19883.3823408618,0.0169953273857472,"true"
"213","R[25]",11907.3332159276,1305.4668410147,24.7511318065179,9540.19199944289,11855.4039632523,14628.5674272595,0.0189596020587391,"true"
"214","R[26]",9515.24190540452,1007.82176400828,17.7757234812973,7693.27081574006,9470.64174976227,11653.4718197006,0.0176377650454782,"true"
"215","R[27]",7154.97399758423,923.891649010197,17.1624591779725,5549.14489035256,7088.9837272426,9106.57950383451,0.0185762683279574,"true"
"216","R[28]",8313.51397897656,965.387727107269,17.3330782230275,6653.20116621387,8241.37322368738,10476.5271194347,0.0179545251470775,"true"
"217","R[29]",12744.7430918218,1270.37501318736,22.8033404182714,10509.4745682899,12688.0413871999,15393.3396285969,0.0179500857475604,"true"
"218","R[30]",7742.6519606938,767.399751925504,13.7963658863217,6339.78914122967,7711.72214573898,9341.04018182607,0.0179780692549155,"true"
"219","R[31]",8804.17606764691,794.059347791429,14.5003731080193,7308.08079588424,8778.99837481778,10475.2220744463,0.0182610697151921,"true"
"220","R[32]",10024.7784361529,928.264505122811,17.2776696598,8293.11254328812,9965.65349895293,12010.6863805863,0.0186128733399261,"true"
"221","R[33]",7861.40091117865,769.50169706116,13.7535000097081,6423.73632889852,7838.80539277137,9413.59614052617,0.0178732549417821,"true"
"222","R[34]",8616.34411267077,703.921130435718,13.0448341219311,7300.23781610019,8597.78554306796,10053.8938583844,0.0185316700378869,"true"
"223","R[35]",6839.41450022006,699.300743598827,12.6994520791228,5522.03712642658,6824.14035516517,8226.79169661855,0.0181602153227628,"true"
"224","R[36]",10688.1074595706,881.777464380471,16.0152855608959,9054.516150181,10667.8661015977,12514.5059681141,0.0181625026810456,"true"
"225","R[37]",3229.73268632951,437.894858070329,7.99622156325083,2450.47890865706,3202.56895457499,4125.32076140146,0.0182605970722921,"true"
"226","R[38]",9146.65807218772,820.132278916666,14.8845040341361,7730.03630364693,9084.622269604,10951.6594392347,0.0181489064834729,"true"
"227","R[39]",11874.0509398509,3293.21296970156,60.1440415676053,7049.29590150106,11347.1249031013,19621.8052703892,0.0182630282708548,"true"
"228","S[1]",10497.5108666594,540.44079987108,9.86933450854924,9487.0267350331,10475.3198101033,11610.7363418264,0.0182616384827044,"true"
"229","S[2]",10619.122144074,451.06144894603,8.23505155540077,9756.77022587602,10602.8725413046,11525.2385802796,0.0182570502858162,"true"
"230","S[3]",8499.78589490709,1608.04024722699,28.4979531686137,5764.59171234019,8375.62087349574,11976.747528475,0.0177221641173207,"true"
"231","S[4]",7976.00604767286,1621.21535276526,29.6080527788782,5235.01984222376,7852.41418755835,11551.4677276142,0.018262874656582,"true"
"232","S[5]",10484.3223882853,1815.73691570257,33.8373275021518,7339.53122856986,10316.8810927433,14547.4635777724,0.0186355893353961,"true"
"233","S[6]",6875.98058477603,2468.57733033153,45.9142646676304,3011.09665506089,6554.11024871567,12589.7071026294,0.0185994840443034,"true"
"234","S[7]",14108.3611729069,579.52735743359,10.5770145136356,12984.7048007448,14092.1882164433,15271.6960792446,0.0182511047631564,"true"
"235","S[8]",16173.3680471869,2701.84758650438,49.3303897648253,11496.5172390325,15887.657296745,22011.3994639003,0.0182580209228783,"true"
"236","S[9]",8420.41001212508,3191.96579943949,58.6040388623567,3507.39419032638,7966.85943112456,15903.7105612275,0.0183598580137192,"true"
"237","S[10]",10424.1183472653,2092.1541303892,40.0091858862358,6888.52105528514,10254.7488077727,15168.1322231278,0.019123440909582,"true"
"238","S[11]",9203.18752633686,4374.8283727765,79.8755037467686,3071.87805689943,8507.75883852425,19735.0797637522,0.0182579742427873,"true"
"239","S[12]",11746.2566463235,5120.49653945048,92.8331542768741,4358.17744360343,10956.7442561076,23271.8225822179,0.0181297172181737,"true"
"240","S[13]",8221.51642259743,517.516827367488,9.44733368947523,7247.43482586544,8204.53321838377,9267.97945429446,0.0182551236788417,"true"
"241","S[14]",11958.3007437287,903.641679269722,16.5004195999857,10320.0946489744,11926.3478344402,13832.8682994561,0.0182599142763319,"true"
"242","S[15]",5936.53998856042,737.02430651231,13.0653043876592,4628.05708994538,5886.3637854438,7517.30617228832,0.0177271010904455,"true"
"243","S[16]",12045.3051779879,1968.68615309737,35.1838608497964,8646.24582024937,11879.9594265346,16426.3224955589,0.0178717469996124,"true"
"244","S[17]",11007.7602079136,1778.83849256574,32.4878120153364,7833.47167266494,10900.7683835967,14964.5005273422,0.0182634973051865,"true"
"245","S[18]",8155.61337608876,1272.97761539791,23.2364410736406,5921.19064862914,8074.26259411465,10815.2794155543,0.0182536132549176,"true"
"246","S[19]",9316.35766719865,797.40645063602,14.1154439572998,7857.36244341253,9290.3601117078,10981.3713737844,0.0177016927139743,"true"
"247","S[20]",5121.91126011094,250.458449934332,4.88239047247194,4651.98508144333,5112.04532324965,5635.41995595487,0.0194938141386408,"true"
"248","S[21]",7028.07860735326,343.099783985909,5.92259682717357,6387.50240980947,7018.39493470314,7720.82743644081,0.0172620243544566,"true"
"249","S[22]",7817.2865986013,395.276589035596,7.21284078588824,7079.29637951734,7806.47883994772,8619.90341022567,0.0182475790015449,"true"
"250","S[23]",7559.11962600856,375.25768838454,6.85282044840518,6833.37665689651,7552.65083863858,8326.87200495592,0.0182616390297188,"true"
"251","S[24]",4172.7717343802,207.004097814677,3.72572993306007,3789.06160590524,4166.37813438633,4584.09798917926,0.0179983390299625,"true"
"252","S[25]",3128.73587346531,156.439215703391,2.83290366884624,2832.48367845658,3126.97250755035,3441.60571759574,0.018108654253403,"true"
"253","S[26]",1792.17532827607,89.2913954963255,1.59028271785777,1624.61395795249,1787.93357048665,1975.60019939484,0.0178100331954517,"true"
"254","S[27]",3701.22616857207,184.264060470567,3.36460684164948,3363.4308400886,3697.47977351296,4072.84654340034,0.0182597020442135,"true"
"255","S[28]",5634.71570099802,280.33634972766,5.11953885132348,5116.70304429599,5628.67170589357,6229.13508442139,0.018262129960303,"true"
"256","S[29]",4775.93107397774,239.471390769992,4.37262715370704,4330.54330254574,4766.86135372951,5265.2976238663,0.0182594970515992,"true"
"257","S[30]",5679.67363696406,280.499823999722,5.2066649999204,5164.5750354648,5674.39126354316,6253.64639436278,0.018562097208038,"true"
"258","S[31]",6344.21967628015,318.043090989192,5.92184291966375,5740.99984681671,6336.52891292282,6987.15993475272,0.0186196244705249,"true"
"259","S[32]",5076.05626581557,250.2636503202,4.56911184941007,4589.20253508497,5073.14428013649,5570.28892791558,0.018257193338162,"true"
"260","S[33]",4919.42799296082,243.803249781189,4.45215364829495,4444.62814600785,4917.7230867094,5408.11486271144,0.0182612563708266,"true"
"261","S[34]",5525.51611193042,279.954068421387,5.11039662871741,5001.68005996438,5519.03023958432,6079.88283866041,0.018254411009399,"true"
"262","S[35]",3464.83486008434,172.115744031582,3.14215486897313,3132.21607194815,3458.73552530031,3809.67593744831,0.0182560572052989,"true"
"263","S[36]",4252.42149594155,218.353561814285,3.80604233331633,3848.85340310599,4246.26365537603,4686.27423300736,0.0174306400211298,"true"
"264","S[37]",6471.50232783915,322.568415475489,5.89065620862738,5850.97769069881,6460.54588284134,7139.04685293752,0.0182617265857977,"true"
"265","S.eq.c",16532.351192036,16832.1691627624,312.723105063805,10645.1652591556,14815.3822751543,29582.7798225446,0.018578895093072,"true"
"266","S.max",13439.5740089695,18322.2502888344,352.800002027579,5748.91129893414,10683.8958432201,32797.7830614846,0.0192552768609747,"true"
"267","S.msy.c",6711.78388886618,7061.60084034373,132.340335704691,4003.87941303267,5911.15976889423,12512.3722145551,0.0187408405964573,"true"
"268","U.msy.c",0.553641049654298,0.102830959596943,0.00187696921283698,0.355955207087005,0.550990763596138,0.757921622326714,0.0182529582549261,"true"
"269","alpha",3.75209038210953,1.5690296274504,0.028638482600562,1.97390100433199,3.43484326671051,7.11552737549107,0.0182523529827147,"true"
"270","alpha.c",4.5350612093397,5.92225961512586,0.108118769469657,2.2298784926078,3.90202336208781,8.9121476835242,0.0182563373604079,"true"
"271","beta",9.60388923902372e-05,3.78082778298046e-05,7.03393365073655e-07,3.0489875189611e-05,9.35988166047795e-05,0.000173945979923527,0.0186042159402237,"true"
"272","lnalpha",1.26168419276607,0.33336680898124,0.00608427483858606,0.680011789972332,1.23397128376758,1.96227919740992,0.0182509916244495,"true"
"273","lnalpha.c",1.40309716200235,0.3799094601442,0.00693433232188351,0.801947094622983,1.36149522288559,2.18741523936129,0.0182525918655763,"true"
"274","log.resid[7]",-0.498266304611598,0.253988144741961,0.00468827698406805,-0.99328167400636,-0.49752826886164,-0.0118088787735302,0.0184586449451454,"true"
"275","log.resid[8]",0.348155296581773,0.202094202381652,0.0036882173569771,0.00153358765358789,0.340295633267573,0.767369343207706,0.0182499909127128,"true"
"276","log.resid[9]",0.264145322630604,0.21557407087052,0.00400108295052252,-0.140349163921003,0.255635436239705,0.702329699294531,0.0185601307910805,"true"
"277","log.resid[10]",0.396368411264889,0.281408587659298,0.00513932122142718,-0.130101161868283,0.392043545860433,0.952502658087199,0.0182628443011461,"true"
"278","log.resid[11]",0.313269286214478,0.285634240327366,0.00507798546243264,-0.191097028901714,0.305556810985188,0.892790066171007,0.017777929762947,"true"
"279","log.resid[12]",0.688294881903957,0.310473437179217,0.0057443971213572,0.0864842768065414,0.695129433590155,1.28496926794588,0.0185020566446762,"true"
"280","log.resid[13]",0.298622500282068,0.395522519720812,0.00722343439638562,-0.472381503891794,0.311494768356845,1.06540774131977,0.0182630167341279,"true"
"281","log.resid[14]",-0.018351996543109,0.373879674139838,0.00682805776916306,-0.71013805555807,-0.0419093750474868,0.812541710687853,0.0182627145615015,"true"
"282","log.resid[15]",0.582381101900436,0.221611879759551,0.0040468260505171,0.176807763211232,0.577853096307397,1.03262602256311,0.018260871460988,"true"
"283","log.resid[16]",-0.563191579915623,0.239575284276744,0.00437331258923257,-0.984856046622716,-0.575055645086248,-0.0573848023330811,0.0182544397366999,"true"
"284","log.resid[17]",-0.0784770049393236,0.26278278864192,0.00505308949326506,-0.549597438620581,-0.0940633316832429,0.500325024888331,0.0192291493646893,"true"
"285","log.resid[18]",0.0974826508042085,0.249686191733767,0.00455735850756923,-0.36655054407465,0.0917459923666062,0.615111365703153,0.0182523449772049,"true"
"286","log.resid[19]",0.0802815996542606,0.202874685222296,0.00370451527877384,-0.291125178687755,0.0756133851395298,0.477996516894774,0.0182601159662413,"true"
"287","log.resid[20]",0.448094829256062,0.241318789969656,0.00449238677336567,0.0437654703689948,0.428237017593207,0.957954364188337,0.0186159841673769,"true"
"288","log.resid[21]",0.137272140249032,0.209936946488684,0.00409824499208326,-0.27370480469608,0.136697335114493,0.540081041682937,0.0195213137117061,"true"
"289","log.resid[22]",0.569133049399579,0.243701907655895,0.00458196411840736,0.141021311419879,0.554005256991222,1.09066030439233,0.0188015110857361,"true"
"290","log.resid[23]",0.266684446658877,0.235807971220331,0.00444860338671125,-0.147701245117541,0.253076874507458,0.772475214400472,0.0188653647444115,"true"
"291","log.resid[24]",0.225222630069705,0.19932840684514,0.00375922279236129,-0.136317268638292,0.220595042218372,0.635452798675343,0.018859443327021,"true"
"292","log.resid[25]",-0.122855018360836,0.198337786260487,0.00363013156049115,-0.48433484835846,-0.128752996071737,0.291931912943348,0.018302773409619,"true"
"293","log.resid[26]",-0.154601525408271,0.214303407028668,0.00390875527052466,-0.582419492227344,-0.147711718973003,0.228469441951477,0.0182393519763396,"true"
"294","log.resid[27]",-0.575758914158057,0.206319725801217,0.00383363199231506,-1.00590079472747,-0.572867831873585,-0.185410996670002,0.018581025044637,"true"
"295","log.resid[28]",-0.454107780659413,0.192574372242472,0.00351508979149089,-0.834799493049477,-0.453991439931344,-0.0998825830742177,0.0182531546153244,"true"
"296","log.resid[29]",-0.0175272284709122,0.187934153602179,0.00343127087392205,-0.371044081435512,-0.0159510317384495,0.335408365427743,0.0182578355671604,"true"
"297","log.resid[30]",-0.246393981848824,0.228633449738636,0.00417289443598298,-0.717617078432158,-0.229652868610136,0.151685619049221,0.0182514607584903,"true"
"298","log.resid[31]",0.070300332219156,0.247920360920435,0.0045243139094401,-0.43994599819189,0.0863715520474875,0.498237075462673,0.018249061483466,"true"
"299","log.resid[32]",0.628931069729871,0.29015910484492,0.00529696860616784,0.031960209587945,0.654087397779448,1.14152622534098,0.0182553933952852,"true"
"300","log.resid[33]",-0.156751686485808,0.23550787464353,0.00429884511585117,-0.642468654752732,-0.144233959971102,0.272712915102287,0.0182535090274922,"true"
"301","log.resid[34]",-0.297840089066915,0.196795908055196,0.00359329763684772,-0.697936625085707,-0.289366732609692,0.0546971454506053,0.0182590058520927,"true"
"302","log.resid[35]",-0.447763569402379,0.219620400271671,0.00400685258577592,-0.888483450689381,-0.440627780919612,-0.0460141593830759,0.0182444462391446,"true"
"303","log.resid[36]",-0.0861255150442031,0.199064380589422,0.00342989979101147,-0.486525972613675,-0.0748596207244052,0.272603270878372,0.0172301030493535,"true"
"304","log.resid[37]",-1.33407911448759,0.213207763121925,0.0039678405660788,-1.74205311929063,-1.33078011825766,-0.931542807753658,0.0186102068141382,"true"
"305","log.resid[38]",-0.187990419566348,0.209849667617228,0.00382718642614666,-0.598449014721863,-0.18208899348276,0.193678857243964,0.0182377531001267,"true"
"306","log.resid[39]",0.0575891161705179,0.304779853104471,0.00556525697704603,-0.506419554552257,0.059295771980806,0.677084804031982,0.0182599240742412,"true"
"307","log.resid.0",-0.138071798031623,0.495287655063117,0.00889503829423024,-1.18411435394486,-0.120779104136381,0.785497186535183,0.0179593377773502,"true"
"308","mean.log.R0",9.72616252754762,0.345314467091026,0.00664307682347176,9.05158960469287,9.73506826960066,10.3990419790813,0.0192377599451129,"true"
"309","mu.HB[1]",0.400494924489849,0.142654346371947,0.00256137031715581,0.127415725529567,0.397110028296439,0.67875730133383,0.0179550808110499,"true"
"310","mu.HB[2]",0.396165499354962,0.140000046345978,0.00255673975186527,0.130977242803244,0.394463476578115,0.674491981500397,0.0182624207533966,"true"
"311","mu.HB[3]",0.433207153102211,0.147260759670819,0.00275197360899454,0.146701935148501,0.433560596137463,0.71316585227043,0.0186877591501374,"true"
"312","mu.HB[4]",0.421024094807142,0.0672414359321798,0.0012278806804445,0.291890136985157,0.420205677942084,0.554410107562527,0.0182607742297911,"true"
"313","mu.HB[5]",0.470532900664485,0.0617358274154976,0.00113558413987363,0.353668921842276,0.471671646692136,0.589968656077753,0.018394248322467,"true"
"314","mu.HB[6]",0.314111138729449,0.0894902552656654,0.00163433083015036,0.16725556822727,0.306004905672122,0.517034265500868,0.0182626681005502,"true"
"315","mu.HB[7]",0.336112344895135,0.0413776279541946,0.000670726953022791,0.258040945809752,0.33607437754187,0.418448942001754,0.0162098937562417,"true"
"316","mu.HB[8]",0.212479494836209,0.0420966485281315,0.000768578316335039,0.139144227493439,0.210031565244196,0.302890840858652,0.0182574704449792,"true"
"317","mu.HB[9]",0.499486337372267,0.163118980420421,0.00297644609289931,0.173066500760163,0.503155256886462,0.791468565402608,0.0182470861773894,"true"
"318","mu.HB[10]",0.487047063977561,0.0653084498794682,0.00119240618011052,0.361723840224215,0.486862293035275,0.617977643330352,0.018258068937652,"true"
"319","mu.HB[11]",0.647554177196911,0.109230012043648,0.00194544805623007,0.433696819713083,0.651179306788254,0.844485488262755,0.0178105634141346,"true"
"320","mu.HB[12]",0.146354364013425,0.0623431061296593,0.00118225548273486,0.0604173548360892,0.133550216253936,0.299394934994164,0.0189636923170951,"true"
"321","mu.HB[13]",0.488367178002017,0.0482611704653085,0.000881247400290962,0.390518458492615,0.489026729557292,0.580342051128919,0.0182599674188264,"true"
"322","mu.HB[14]",0.364843784757812,0.0451813835535873,0.000777362659410449,0.279392427747769,0.364434533930651,0.456709368691652,0.0172053752733902,"true"
"323","mu.HB[15]",0.35787472165978,0.0513361516821303,0.000920964434720486,0.26386281205509,0.35540358686215,0.459429901710138,0.0179398806599885,"true"
"324","mu.HB[16]",0.11645531947329,0.0266549032408906,0.000496849849734828,0.0712722283276592,0.113878786602,0.175106290436121,0.0186400920402751,"true"
"325","mu.HB[17]",0.13782537118703,0.030707814450895,0.000546019980577158,0.086991580206972,0.135342909430136,0.205958912570294,0.0177811410659102,"true"
"326","mu.HB[18]",0.534646445696515,0.0586092747163641,0.00103755935276658,0.419355070870104,0.535278082086653,0.647773874430644,0.017702989122247,"true"
"327","mu.HB[19]",0.55524195407255,0.0490184680542936,0.000879124656752614,0.459011832368662,0.556012875845358,0.646710631055368,0.0179345600066261,"true"
"328","mu.HB[20]",0.586375536414582,0.0466079148492035,0.000852387315941479,0.492468852299981,0.587178017646089,0.674963471819753,0.0182884670704389,"true"
"329","mu.HB[21]",0.65536250679031,0.0411843376983729,0.000752161236214276,0.570526999343584,0.65680496466648,0.729224518414264,0.0182632835259602,"true"
"330","mu.HB[22]",0.581724149817214,0.0443449239460882,0.000811082871278676,0.493800595800016,0.582401872743325,0.664895916838248,0.0182903204945112,"true"
"331","mu.HB[23]",0.521040557694732,0.0461439000128628,0.000842253376648923,0.431156129909513,0.521454548043951,0.611379446479504,0.0182527566246924,"true"
"332","mu.HB[24]",0.641323228762057,0.0432068504684451,0.00074342598057574,0.552452616822961,0.6418769676695,0.722516059509586,0.017206206250064,"true"
"333","mu.HB[25]",0.528125448500877,0.0500524621546719,0.000913600948784629,0.428509361560294,0.528093943806098,0.624241206394537,0.0182528672807628,"true"
"334","mu.HB[26]",0.754144618935598,0.0360816152870592,0.000658764069246693,0.677614262815297,0.756675215029276,0.818858917855617,0.0182576102540221,"true"
"335","mu.HB[27]",0.591666513185803,0.0462918184148037,0.000811728308357261,0.499982287322201,0.591966941867442,0.680994807294533,0.0175350274876581,"true"
"336","mu.HB[28]",0.553213562369162,0.0461668280480551,0.000847235950223072,0.461371809445346,0.552605264884379,0.641460864740526,0.0183516170818836,"true"
"337","mu.HB[29]",0.372501775717597,0.0452556153059479,0.0008146906836903,0.28563688101067,0.371369204661483,0.462999100654414,0.0180019800456282,"true"
"338","mu.HB[30]",0.395647360647116,0.0444168489009219,0.000828887530856696,0.311332938511553,0.395206064142219,0.484809330529809,0.0186615563995917,"true"
"339","mu.HB[31]",0.392318844447943,0.0447247559410841,0.000792091029369448,0.307226632889902,0.391655044444735,0.481611767694328,0.0177103488370707,"true"
"340","mu.HB[32]",0.415084206772556,0.0468018335493701,0.000882043679043526,0.328705195904815,0.413692992316443,0.508159484757253,0.0188463487891576,"true"
"341","mu.HB[33]",0.244902934684783,0.037374578482008,0.000682568613751621,0.179267835939196,0.242686125654477,0.323636520083593,0.0182629113551129,"true"
"342","mu.HB[34]",0.466704019733476,0.0464299731489081,0.000838990557745763,0.375773874879978,0.466258624161195,0.559135148092953,0.0180700203089714,"true"
"343","mu.HB[35]",0.397412817845734,0.0463438153900356,0.000860974262051273,0.308073122974443,0.396178194865487,0.486826730566469,0.0185779753955345,"true"
"344","mu.HB[36]",0.410774949128983,0.0467383273907239,0.000821562950929264,0.32427322573112,0.409177160785698,0.502873070219169,0.0175779279404063,"true"
"345","mu.HB[37]",0.205876370473925,0.032347299999197,0.000590510224335985,0.145770011604911,0.204863053793081,0.272600445448421,0.018255317270704,"true"
"346","p[1,1]",0.368106181689817,0.117450363625852,0.00211261359176034,0.150356791786217,0.362488301893466,0.616890161076868,0.017987288642973,"true"
"347","p[2,1]",0.366577732835992,0.115587962151018,0.0020432836776811,0.155594878824797,0.363939013034944,0.603772853320026,0.017677305141962,"true"
"348","p[3,1]",0.369181544113115,0.109377289860384,0.0019974643427841,0.174462681317875,0.363487465418458,0.597395806881097,0.0182621488001192,"true"
"349","p[4,1]",0.372635382239829,0.111249838297272,0.00203148764426781,0.158283295077668,0.371024351135345,0.58560284375744,0.0182605896364492,"true"
"350","p[5,1]",0.401400542575475,0.112072728003674,0.00204593072757282,0.194550097100642,0.399343157558227,0.62632752414947,0.0182553843742053,"true"
"351","p[6,1]",0.270061452590769,0.0405827784067989,0.000707335037907425,0.195287489875466,0.267696022374609,0.355938662926236,0.0174294384385699,"true"
"352","p[7,1]",0.202341647798696,0.0587066112752757,0.0010409391808052,0.100167312994641,0.197855854571186,0.329736873642655,0.0177312087717724,"true"
"353","p[8,1]",0.210483429822463,0.0472790107032661,0.000863342029644269,0.129256566369911,0.207553700440354,0.312468813077191,0.0182605773006293,"true"
"354","p[9,1]",0.324301123686687,0.0505339425934521,0.000898378634280857,0.229056297784624,0.323136538055904,0.428233900868856,0.0177777269727073,"true"
"355","p[10,1]",0.45404181958693,0.09259710615494,0.00158934375660299,0.28530363343501,0.44888161281354,0.642392980746268,0.0171640758831447,"true"
"356","p[11,1]",0.333127218599461,0.104044297591378,0.00183757821218118,0.137530481100235,0.329715302667507,0.540848951174077,0.0176614985609116,"true"
"357","p[12,1]",0.340205394633268,0.0784216965382395,0.00143198256505036,0.207875570464304,0.333453431606852,0.51950032694599,0.0182600304285959,"true"
"358","p[13,1]",0.432544938534556,0.118650097827791,0.0021193782607432,0.208771311681781,0.429969956169103,0.674871489794804,0.0178624232052406,"true"
"359","p[14,1]",0.33731274844,0.106544652525608,0.00194586380715139,0.142598418396093,0.334763972858134,0.550240108637127,0.0182633643362223,"true"
"360","p[15,1]",0.301521680851864,0.034824724902131,0.000591184782073041,0.235824060875826,0.300513809732005,0.373917620635721,0.0169760072400992,"true"
"361","p[16,1]",0.371317259150876,0.0625732619882909,0.0011427135193126,0.252206786146141,0.371269695013239,0.498886082283232,0.0182620097307126,"true"
"362","p[17,1]",0.399666702657949,0.0504523322334245,0.000921366586358933,0.302880480420715,0.399799369453797,0.500092426549727,0.0182621208093237,"true"
"363","p[18,1]",0.47110815813713,0.0555178925235989,0.00101368895555464,0.36497092327579,0.469626958546736,0.580446321611245,0.0182587794578794,"true"
"364","p[19,1]",0.343613906799468,0.0496269601967042,0.000892592059722317,0.251918494330668,0.341080140328829,0.443073474266053,0.017986031306056,"true"
"365","p[20,1]",0.387334466873342,0.0470269920512986,0.000845780426336029,0.297818377003289,0.385865778614279,0.484307770338076,0.0179849994533655,"true"
"366","p[21,1]",0.599045318637793,0.0527964750646546,0.000963893848515053,0.493904344697499,0.599991122984382,0.700353002811998,0.018256784138234,"true"
"367","p[22,1]",0.298372947038084,0.0379327777930015,0.000686875999157767,0.226636425628099,0.297489612558319,0.37610745131372,0.0181077168380876,"true"
"368","p[23,1]",0.217500665847259,0.0428154755323212,0.000766791567005238,0.140675035328987,0.215714129857161,0.306144607148367,0.0179092152421941,"true"
"369","p[24,1]",0.325348886442191,0.0455283400191687,0.000795545861101965,0.239673952689015,0.324509593896087,0.417090206597517,0.017473640830459,"true"
"370","p[25,1]",0.390849988946635,0.0511790444074728,0.000920254565646611,0.289999806558206,0.389824973349423,0.489780273334647,0.0179810814426274,"true"
"371","p[26,1]",0.486420839434179,0.0499006440804582,0.000910801122647344,0.389621142549114,0.486756725868854,0.583999315764055,0.0182522919178919,"true"
"372","p[27,1]",0.224291058635096,0.0431836032481283,0.000788608420122296,0.145165981038443,0.222540818248013,0.314095816551613,0.0182617558704177,"true"
"373","p[28,1]",0.226432439386445,0.0414886265870401,0.000731872562343786,0.152755382016164,0.223046585100548,0.311801396632203,0.0176403179027479,"true"
"374","p[29,1]",0.224939163997548,0.0373888765952649,0.000682794360034785,0.157541791409632,0.223389859035127,0.301678147932621,0.0182619651140109,"true"
"375","p[30,1]",0.37599085501545,0.0515294305885711,0.00094063062718081,0.274345679765293,0.375357361240661,0.477238104429119,0.0182542406627997,"true"
"376","p[31,1]",0.307505012692761,0.038544712885116,0.000691484147984232,0.234947251070086,0.306629179051906,0.386008675412731,0.0179397924183591,"true"
"377","p[32,1]",0.353158684249317,0.0399221570303259,0.000716350402856216,0.276796872588581,0.352913515249431,0.432944577108223,0.0179436798044769,"true"
"378","p[33,1]",0.482672812805941,0.0486562046595077,0.000888577296581986,0.388347568998222,0.483673213576684,0.575818117189717,0.0182623635115024,"true"
"379","p[34,1]",0.53063523062546,0.0386751128287052,0.000689236606319999,0.453999641554893,0.532091827712475,0.602516916597021,0.0178211918701486,"true"
"380","p[35,1]",0.380884681306386,0.0448846208834136,0.000783955128842327,0.295024883521104,0.379081472155951,0.47230089967279,0.017466007585953,"true"
"381","p[36,1]",0.576622285570372,0.0365581025140293,0.000751129018369638,0.503537993439297,0.576489219069615,0.648644927204237,0.0205461707997944,"true"
"382","p[37,1]",0.384478072053986,0.058764729085427,0.0010008960679619,0.271047909697051,0.382567167247453,0.500404955934618,0.017032258695635,"true"
"383","p[38,1]",0.576074325378654,0.0418504066775074,0.000764116828155586,0.490233622636898,0.578418462515793,0.653095463918042,0.0182582891976116,"true"
"384","p[39,1]",0.397372702493729,0.0985994004177647,0.00175787399898453,0.228008874934391,0.389228742774177,0.610657952314495,0.0178284451176826,"true"
"385","p[1,2]",0.603938214246064,0.118919092259377,0.00217378072346052,0.353595389142234,0.609912636210939,0.82401277490372,0.0182794930751678,"true"
"386","p[2,2]",0.60444805879797,0.1174307564969,0.00209473638943931,0.363949932703204,0.607124867091727,0.823476193182974,0.0178380558205346,"true"
"387","p[3,2]",0.604280425800861,0.110093157118825,0.0020106701647588,0.377876364066686,0.60997638627741,0.805244467656647,0.0182633527585066,"true"
"388","p[4,2]",0.592930093882655,0.110688175415973,0.00205462974281534,0.378866628314843,0.593289938049595,0.805272030043737,0.0185623237088688,"true"
"389","p[5,2]",0.565552128646121,0.108302855860747,0.0019774951674258,0.3502254017395,0.567884680839531,0.766059888127971,0.0182589383420176,"true"
"390","p[6,2]",0.720866763198371,0.0412428975915421,0.000716002753374754,0.633691515463717,0.722514880912048,0.797611841981556,0.0173606316526506,"true"
"391","p[7,2]",0.650258113947952,0.0740041788173694,0.00137784027781179,0.497888647411523,0.652911806476157,0.786214481639085,0.018618411822555,"true"
"392","p[8,2]",0.758311307502299,0.0479014984384899,0.000889996777312294,0.654839345192343,0.761213554229945,0.842562617936633,0.0185797272804552,"true"
"393","p[9,2]",0.651374579252838,0.0544659319391312,0.00101165592135443,0.537894768521707,0.653119074048359,0.752226857987051,0.0185741046804268,"true"
"394","p[10,2]",0.514720858304549,0.0972463121253728,0.00164236908588354,0.31467424185768,0.518648895339545,0.692704425322578,0.0168887544420825,"true"
"395","p[11,2]",0.633818280576163,0.106670576507666,0.00191514961248805,0.428060087417235,0.633890542559491,0.83706028305227,0.0179538695223084,"true"
"396","p[12,2]",0.641445990640946,0.0823132485228771,0.00148020979290984,0.459310115715799,0.651220692466822,0.77878433530051,0.0179826433711755,"true"
"397","p[13,2]",0.471192305773275,0.114152170032061,0.00211962611993509,0.240363799461385,0.472579659765904,0.688669703169755,0.0185684259820884,"true"
"398","p[14,2]",0.656387274447092,0.105825057078484,0.0019327298051093,0.446951532171683,0.658652499871628,0.850633282418197,0.018263442122936,"true"
"399","p[15,2]",0.693170467554895,0.0348324975035596,0.000594523408707479,0.622935241962237,0.694340117367675,0.759608066611067,0.017068067216447,"true"
"400","p[16,2]",0.621576571108007,0.0624036631439849,0.00113958835799192,0.494707059524252,0.622536965889385,0.74026261272312,0.0182615619112379,"true"
"401","p[17,2]",0.586871539793935,0.050933519993116,0.00093015321847229,0.48541398403031,0.587106785489372,0.68575299372945,0.0182621035930367,"true"
"402","p[18,2]",0.524267122372665,0.0555060169129171,0.00101344097061742,0.414420579340997,0.525292785016791,0.631523991519287,0.0182582182433915,"true"
"403","p[19,2]",0.650456926991735,0.0501996366609142,0.000902869512848959,0.547759467834829,0.652869350274826,0.741982682134791,0.0179855786396944,"true"
"404","p[20,2]",0.610130713664113,0.0470290416754865,0.000845161354319857,0.513869032590969,0.612256665726393,0.699661599797487,0.0179710520182764,"true"
"405","p[21,2]",0.395004199080388,0.0523367627333312,0.000955389364804197,0.293654153832983,0.393471665805443,0.498717080144369,0.0182546515089621,"true"
"406","p[22,2]",0.698211488419125,0.0382190504200469,0.000701358327935658,0.620111867703089,0.6994416494904,0.769468207509063,0.0183510139636483,"true"
"407","p[23,2]",0.762858741106192,0.0435432956111789,0.000761748457951215,0.672153423281504,0.763808223484278,0.841745837194353,0.0174940469539391,"true"
"408","p[24,2]",0.665404645202749,0.0455933157381119,0.000806980561285094,0.573413986412624,0.666561226550096,0.752055021470818,0.0176995366145422,"true"
"409","p[25,2]",0.587039713210874,0.0511701981720586,0.000916944668899042,0.489154749987021,0.588341186450852,0.68443468814333,0.0179195059166243,"true"
"410","p[26,2]",0.51038418253636,0.0498674721247941,0.000910272822634388,0.412520477443559,0.510169926792277,0.606953368770761,0.0182538393034324,"true"
"411","p[27,2]",0.770642060557656,0.0436550059363127,0.000797175452803154,0.678275588927848,0.772630758628522,0.849695672893449,0.018260802758019,"true"
"412","p[28,2]",0.754450642232467,0.0431155460554599,0.000740560314212677,0.662047991194088,0.756902995479353,0.831254045652993,0.017176178477714,"true"
"413","p[29,2]",0.756331201630081,0.0381996644106784,0.000697615591218024,0.676876280626771,0.75773508406024,0.825715840180334,0.0182623486876239,"true"
"414","p[30,2]",0.608957365014698,0.0518608598399974,0.000946576436603872,0.504381595698551,0.608700291679522,0.710021821915973,0.018252231828093,"true"
"415","p[31,2]",0.656729443563968,0.0396348019811,0.000709581884237878,0.574590937910213,0.65652995124189,0.731114040838878,0.0179030006148699,"true"
"416","p[32,2]",0.6359427289961,0.0404533627379328,0.000738786838988634,0.555286708238532,0.636196417917826,0.713010445049465,0.0182626805038356,"true"
"417","p[33,2]",0.513925169751968,0.0485435545218066,0.000886513903782788,0.420395348714652,0.513149122575101,0.608698871140819,0.0182622371294329,"true"
"418","p[34,2]",0.454093311566469,0.0380724772746627,0.00067844949018599,0.38008077133731,0.453364232968093,0.528832281193668,0.0178199460279802,"true"
"419","p[35,2]",0.60127006562152,0.045672549032835,0.000789909550462179,0.51017670892567,0.602163315195832,0.689005388006418,0.0172950616330675,"true"
"420","p[36,2]",0.414433646505862,0.036327479383282,0.000663433459623784,0.344009779045709,0.414272643564714,0.486011741213954,0.0182625789316145,"true"
"421","p[37,2]",0.587031795734648,0.0600878593648318,0.00106743509033808,0.465749667725727,0.587670980708235,0.702788079452969,0.0177645717724274,"true"
"422","p[38,2]",0.397522238337819,0.0393086469585416,0.000741344292126271,0.320116043936852,0.39811697669843,0.473466948589581,0.0188595728799355,"true"
"423","p[39,2]",0.575090650302517,0.102448094961557,0.00187080459349455,0.355613347826423,0.582869219705517,0.754544329271072,0.0182609993304078,"true"
"424","p[1,3]",0.0279556040641183,0.0379620932919812,0.000729376064484627,9.88413623198163e-06,0.0133275954892803,0.135529169624521,0.0192132730635983,"true"
"425","p[2,3]",0.0289742083660389,0.040274812472732,0.000735519720882261,1.04644055072506e-05,0.012806847815219,0.141602819268298,0.0182625237890367,"true"
"426","p[3,3]",0.0265380300860241,0.0372405540527253,0.000690965763649729,6.32817976559246e-06,0.0118076891707447,0.132480024303385,0.0185541214739033,"true"
"427","p[4,3]",0.0344345238775163,0.0212416923305117,0.000393898065323554,0.00821556346625499,0.0298144145007356,0.0894947899837965,0.0185436291607405,"true"
"428","p[5,3]",0.033047328778404,0.0215061640266844,0.000413053058501332,0.00558105835637585,0.0283890272432181,0.0856746115220419,0.0192062637478643,"true"
"429","p[6,3]",0.00907178421085997,0.00625847420208229,0.000111487175133891,0.00140443223616975,0.00751233255391047,0.0247848096069269,0.0178137947899181,"true"
"430","p[7,3]",0.147400238253352,0.0540493182788699,0.00102568054844863,0.0615204774890582,0.140980878239467,0.268688571866231,0.0189767527345411,"true"
"431","p[8,3]",0.0312052626752383,0.0166798218566096,0.000304288100093756,0.00779954259538124,0.028069492951961,0.0710325778843117,0.0182428866872567,"true"
"432","p[9,3]",0.0243242970604745,0.035232555328526,0.00064167486166934,2.95888301343064e-06,0.0099179103995355,0.124188082559917,0.0182125552826368,"true"
"433","p[10,3]",0.0312373221085219,0.0181825539358222,0.000331906920348805,0.00684839687129657,0.0272985010830493,0.0769209751422668,0.0182541419384931,"true"
"434","p[11,3]",0.0330545008243758,0.0467674254207672,0.000886738884185489,7.24666672018201e-06,0.0142616345754828,0.16948826739166,0.0189606093602008,"true"
"435","p[12,3]",0.0183486147257864,0.0272610322037924,0.000529233983962349,4.86872022609656e-06,0.00788803374593261,0.0996840045110788,0.0194135709904897,"true"
"436","p[13,3]",0.0962627556921688,0.0447488774077741,0.000803035308346003,0.0353583738740503,0.0871692408242541,0.208818708714843,0.0179453732666486,"true"
"437","p[14,3]",0.00629997711290772,0.00917586830437935,0.000167387997156333,1.90334704722928e-06,0.00268863941135594,0.030064809299624,0.0182421969892968,"true"
"438","p[15,3]",0.005307851593241,0.00449851707460266,8.21545827444617e-05,0.000309826504090863,0.00411370731167689,0.01752822561045,0.0182625921791612,"true"
"439","p[16,3]",0.00710616974111768,0.010013849284165,0.000190502105572713,2.36456528009646e-06,0.00312559888699273,0.0354140015526785,0.0190238638676094,"true"
"440","p[17,3]",0.0134617575481161,0.0113499418815418,0.000203553776305799,0.000887527001839236,0.0102620808198281,0.0419751147028194,0.0179343452530655,"true"
"441","p[18,3]",0.00462471949020514,0.00663246682986029,0.000121121885064013,7.52261595511007e-07,0.00205205849774156,0.0221054387886021,0.0182619661991682,"true"
"442","p[19,3]",0.00592916620879693,0.00845160484814621,0.000154310333880567,1.44552100106754e-06,0.00252157340154822,0.0310480190997282,0.0182581103415423,"true"
"443","p[20,3]",0.00253481946254453,0.00374044179136477,6.95287926188195e-05,5.72137731011496e-07,0.00102643512748715,0.0135880600564231,0.0185883904888814,"true"
"444","p[21,3]",0.00595048228181911,0.00887747980510607,0.000159362656507549,1.0343100189065e-06,0.00236307637033696,0.0318588774801067,0.0179513397953199,"true"
"445","p[22,3]",0.00341556454279187,0.00497356942365274,9.08303923260736e-05,1.49702511453327e-06,0.00145922514028431,0.018001660282925,0.0182626167625434,"true"
"446","p[23,3]",0.0196405930465486,0.0121731572675738,0.000222309213395421,0.00334892816781948,0.0173005083737625,0.0495115242161317,0.0182622477068948,"true"
"447","p[24,3]",0.0092464683550594,0.00759733005916566,0.000132161039572211,0.000612777515031481,0.00710154625580819,0.0289500304433932,0.0173957217263146,"true"
"448","p[25,3]",0.0221102978424901,0.0105336927493667,0.000192298495036889,0.00681455431492461,0.020589755066754,0.0470739401038511,0.0182555633254493,"true"
"449","p[26,3]",0.00319497802946121,0.00474872113259932,9.55389831762883e-05,6.0075013771176e-07,0.001379401094758,0.0163953597141787,0.0201188868557529,"true"
"450","p[27,3]",0.00506688080724762,0.00747557016031512,0.00013243186195875,2.01146300005693e-06,0.00211734493154743,0.0274150600117434,0.0177152858067975,"true"
"451","p[28,3]",0.0191169183810879,0.0154217633833964,0.000274127423898735,0.00109268182851307,0.0154141306555205,0.0576182237512567,0.0177753618106908,"true"
"452","p[29,3]",0.0187296343723704,0.0100925200481758,0.000189108111784509,0.00483608390148706,0.0166424516725168,0.0424563584202587,0.0187374521806068,"true"
"453","p[30,3]",0.0150517799698522,0.0120986129780903,0.00022703229532966,0.00113018389110369,0.0117508762410366,0.0465343411418883,0.0187651506615509,"true"
"454","p[31,3]",0.0357655437432703,0.0185339668937815,0.000338147836628301,0.00902948210629473,0.0327044979402111,0.0784671236269094,0.0182447631727321,"true"
"455","p[32,3]",0.0108985867545831,0.00899904023841175,0.000158807075841126,0.000696149727270682,0.00843928907719451,0.0338447798647515,0.0176471125402095,"true"
"456","p[33,3]",0.00340201744209071,0.00515543378403449,9.36816137461804e-05,6.1613693985105e-07,0.00136905927185918,0.0183942734554079,0.0181714318659851,"true"
"457","p[34,3]",0.0152714578080715,0.0124236233123959,0.000226749637057667,0.00102307809494763,0.0121643107098439,0.0484498024803948,0.0182514900328171,"true"
"458","p[35,3]",0.0178452530720941,0.0111168726243909,0.000203026506012869,0.00312293003717046,0.0155466834728159,0.0459693622383607,0.0182629155584115,"true"
"459","p[36,3]",0.00894406792376666,0.00712454997819893,0.000130054075026824,0.000590546348134803,0.00714248225318569,0.0283426478581941,0.0182543564751161,"true"
"460","p[37,3]",0.0284901322113662,0.0232954871704656,0.000434159139123342,0.00199874224858092,0.0222524786071569,0.090216235855075,0.0186370491394477,"true"
"461","p[38,3]",0.0264034362835265,0.0372743967065309,0.000680392297545557,8.38791491639866e-06,0.0115506387556983,0.134149542567397,0.0182536099216421,"true"
"462","p[39,3]",0.0275366472037539,0.0396530238634574,0.000724034403539794,8.74074030672589e-06,0.0118833743025132,0.139180716231299,0.0182592481731774,"true"
"463","phi",0.277539080680897,0.243162505176747,0.00420423889964665,-0.214255012283126,0.284725222965316,0.749839145583442,0.0172898321498651,"true"
"464","pi[1]",0.367764436134691,0.0224327984906289,0.000409630722824154,0.324907620606676,0.367136529818943,0.412087496846896,0.0182603487030507,"true"
"465","pi[2]",0.604092981378283,0.0230111662686163,0.000420187920757805,0.557483787259118,0.604694740571389,0.645993485712804,0.0182601749017335,"true"
"466","pi[3]",0.0281425824870259,0.00686087434356465,0.000125295693793074,0.0168751274419431,0.0275188890045495,0.0440655645275843,0.0182623507615467,"true"
"467","q[1,1]",0.389124577083012,0.175639064711223,0.00321209035113905,0.0945460182223515,0.371522062486976,0.781204695392933,0.018288017853091,"true"
"468","q[2,1]",0.358424620743423,0.161790374440243,0.00303747403406758,0.0910748940629281,0.345528322471298,0.706690563436439,0.0187741331619792,"true"
"469","q[3,1]",0.325609447006546,0.14060637456808,0.00256748144444323,0.0977235790946308,0.309186800155472,0.634137699719331,0.0182600643273116,"true"
"470","q[4,1]",0.482647881062987,0.0479544757825141,0.000875643702575161,0.393079059899258,0.481331642718423,0.579133831474239,0.0182598952086648,"true"
"471","q[5,1]",0.0847358467459013,0.0256582040973073,0.000459223299339199,0.0407190818172959,0.0822211334426705,0.140747418255217,0.0178977179227985,"true"
"472","q[6,1]",0.417060666015023,0.0468845193971037,0.000826902319854698,0.325779031015379,0.4167495588625,0.51030178150383,0.0176370010930682,"true"
"473","q[7,1]",0.259885536656831,0.0426093919453561,0.000778151652357658,0.183445367610694,0.258291065116664,0.346945516323416,0.0182624444243558,"true"
"474","q[8,1]",0.423538699292545,0.0475552978723556,0.000868410514061931,0.335614623935449,0.422416197015214,0.517471598221593,0.0182610677025482,"true"
"475","q[9,1]",0.373533082457995,0.136658709876235,0.00249497354224119,0.132302476586787,0.362519679576092,0.652541625220608,0.0182569668958588,"true"
"476","q[10,1]",0.400440478844696,0.046481242076375,0.000841390142645653,0.315692113316132,0.398177954321525,0.49194306128706,0.018101713832499,"true"
"477","q[11,1]",0.329357852368292,0.15339767968424,0.00280073903177976,0.0864843961590587,0.305858950289575,0.670647695959892,0.0182580273544223,"true"
"478","q[12,1]",0.322737059383379,0.128673002730612,0.002281731139082,0.107311552544971,0.312962748302927,0.614891232800891,0.0177327884689145,"true"
"479","q[13,1]",0.430994143628505,0.0469121969844546,0.000848798018841052,0.341958637010707,0.4302129408997,0.526028864699125,0.0180933333632258,"true"
"480","q[14,1]",0.147863157818338,0.0328643358012076,0.000600100562081143,0.0896218986221052,0.145775092187255,0.216565576319388,0.0182599327645347,"true"
"481","q[15,1]",0.486139376131104,0.0472803526918953,0.000863277387326601,0.392802321494751,0.487061308188455,0.577983821407881,0.0182586917858289,"true"
"482","q[16,1]",0.505861513043227,0.047691005074284,0.000870604581753872,0.412486169592578,0.506731347714096,0.601427067523023,0.0182551107991498,"true"
"483","q[17,1]",0.387324108539246,0.0462246111545754,0.000869994703870671,0.297230313418621,0.385727482207284,0.480265595931356,0.0188210280657938,"true"
"484","q[18,1]",0.464176263789351,0.0468944473133555,0.00084718599944995,0.375327398954449,0.464275129748105,0.558675384543714,0.0180658062518347,"true"
"485","q[19,1]",0.386791966841423,0.0469397219361994,0.00087254878298071,0.29916351791538,0.385741044096397,0.481489131775377,0.0185887079639432,"true"
"486","q[20,1]",0.568243056603647,0.0471544730418722,0.00087460514411439,0.472510934221407,0.568181985425085,0.659226960172536,0.0185476602259506,"true"
"487","q[21,1]",0.185841298964938,0.0367904027065787,0.000659339701306524,0.118543508252844,0.183465284991958,0.262421721870318,0.0179215135687717,"true"
"488","q[22,1]",0.283449601874515,0.0431936965830088,0.000742105329388566,0.203259178678333,0.283088530327918,0.370082272141772,0.0171808710088613,"true"
"489","q[23,1]",0.292655469893034,0.0424953809653131,0.000776053782755262,0.213917882532765,0.290842717785976,0.377453316101603,0.0182620737860596,"true"
"490","q[24,1]",0.39393452072913,0.0466978343620219,0.00085277316273138,0.305602845906218,0.393489660697086,0.487539065369888,0.0182615141447527,"true"
"491","q[25,1]",0.238018086946181,0.0403029439764596,0.000708689571533022,0.163802549289845,0.238048071682958,0.318160628226856,0.0175840646268163,"true"
"492","q[26,1]",0.252935300622305,0.0394316136780441,0.000700037842274118,0.180283051619992,0.25186725713297,0.332750539502409,0.0177532131449113,"true"
"493","q[27,1]",0.311926505250385,0.0444363643862976,0.000827202156516306,0.227125633795426,0.310992374863997,0.401660827788794,0.0186154328316603,"true"
"494","q[28,1]",0.229998600420451,0.0395873174864441,0.000731845358017732,0.157215695092204,0.228216788495047,0.311152972116952,0.0184868640889431,"true"
"495","q[29,1]",0.35387520420612,0.0449852896513888,0.000805103587094345,0.268462264023211,0.352503128188865,0.443148717478424,0.0178970413069128,"true"
"496","q[30,1]",0.37509528204427,0.0470515615230109,0.000859300684237548,0.28590408731494,0.374699011377444,0.471268853858475,0.0182629578365279,"true"
"497","q[31,1]",0.362190810529157,0.0454666706920855,0.000830378283383858,0.278939012191928,0.362266903417064,0.455310084412646,0.0182634503636178,"true"
"498","q[32,1]",0.524800533501914,0.0475779174530572,0.000873213923914531,0.430613199580567,0.524753692870667,0.617035139057879,0.0183533448006859,"true"
"499","q[33,1]",0.397675815204548,0.0458749116752796,0.000846694770910075,0.308441558260976,0.397882526850155,0.485637887568284,0.018456597298831,"true"
"500","q[34,1]",0.591937391192809,0.0463275694483251,0.000823195953690339,0.500784911526675,0.591683118989198,0.680974158847643,0.0177690296187145,"true"
"501","q[35,1]",0.214449312561793,0.0378686496833189,0.000662980968010487,0.146697740924923,0.212259794964049,0.290449353217599,0.0175073833779325,"true"
"502","q[36,1]",0.725122132927978,0.0417507675226154,0.000678860827346918,0.637378327315497,0.72621325499731,0.803297755073914,0.0162598406599159,"true"
"503","q[37,1]",0.543820149783385,0.0469119974845254,0.000884133080897604,0.451178993389564,0.543323610408546,0.635722846718903,0.018846630463545,"true"
"504","q[1,2]",0.579524168424495,0.178744957493435,0.00326826485722311,0.183609164998264,0.59386511950524,0.877770544729884,0.0182845150042521,"true"
"505","q[2,2]",0.609854348287327,0.167855490079907,0.00314476178046224,0.253309770059806,0.622670975768557,0.894113627158514,0.0187349355029447,"true"
"506","q[3,2]",0.639435786047132,0.146471139864622,0.00304130506043362,0.319871426050135,0.652934299627709,0.88486137809287,0.020763851931818,"true"
"507","q[4,2]",0.478680192097123,0.0481926369716113,0.000879737675818334,0.383351854741243,0.478205803113177,0.572495970963474,0.0182546075728655,"true"
"508","q[5,2]",0.895908710971839,0.0279492183590887,0.000479808957234957,0.837428982439946,0.898244744023133,0.943363180795667,0.0171671690803807,"true"
"509","q[6,2]",0.560311048440523,0.0472636633406542,0.000823590963219813,0.468429086511383,0.560727979442816,0.651144674598321,0.0174254576350495,"true"
"510","q[7,2]",0.682971279315833,0.0449572847060636,0.000820899900199081,0.59488524563986,0.684590713435047,0.768022255377572,0.0182595524966916,"true"
"511","q[8,2]",0.547016700871178,0.0476595900188423,0.00089284963565515,0.455857634332115,0.547818437408194,0.638116832112017,0.0187338924926161,"true"
"512","q[9,2]",0.600698367028127,0.13862022700234,0.00238243216532268,0.317784226259102,0.608476730360522,0.845943596702645,0.0171867570616694,"true"
"513","q[10,2]",0.570123077813165,0.047194422508098,0.000856506603454579,0.476158785875188,0.572307962975164,0.655829238730348,0.0181484708983908,"true"
"514","q[11,2]",0.643794266111245,0.155248203219742,0.00283427194020207,0.300709584752602,0.664587218213896,0.894384568895331,0.0182563912587792,"true"
"515","q[12,2]",0.642541493507441,0.132114801663661,0.00238625069702083,0.357123048633827,0.650474823338298,0.869995832686113,0.018061948146399,"true"
"516","q[13,2]",0.471423663390115,0.0473763305772245,0.000820751246510014,0.379159740209151,0.471196128203674,0.563292711197444,0.0173240780049897,"true"
"517","q[14,2]",0.848248216041499,0.0332560107539316,0.000607132902992499,0.778189280990654,0.850734918923738,0.906990159799622,0.0182563358992396,"true"
"518","q[15,2]",0.500551117870274,0.0474136169819378,0.000865717285729282,0.405954775319277,0.499717220819166,0.594890080935298,0.0182588323953238,"true"
"519","q[16,2]",0.490209513154522,0.0475746972851906,0.000868433342524906,0.396695572942792,0.48977155000668,0.583281427689626,0.0182541012782279,"true"
"520","q[17,2]",0.600739854816562,0.0462836179843588,0.000867935493089536,0.50856576365053,0.601667515203625,0.689697663962412,0.0187525420632166,"true"
"521","q[18,2]",0.531971619708243,0.0467847641599764,0.000837130553981967,0.438504473617829,0.531836535837096,0.622643007770463,0.0178932301789419,"true"
"522","q[19,2]",0.609185773378864,0.0469662066938281,0.000860807234449358,0.514650155485183,0.60960678945335,0.698146475777279,0.0183282256551172,"true"
"523","q[20,2]",0.427536043968977,0.0468805999803243,0.000869319922151135,0.335814291733119,0.427300487610691,0.520504730016973,0.0185432763769232,"true"
"524","q[21,2]",0.810230943426514,0.037105495422553,0.000664366624042418,0.731515656048809,0.812422274590326,0.877444308901349,0.0179048040317664,"true"
"525","q[22,2]",0.712212831351654,0.0431697961055476,0.000756720735778318,0.625819912915924,0.712794915679049,0.793144300066373,0.0175289393058096,"true"
"526","q[23,2]",0.685625145932,0.0434509691615329,0.000793551887882155,0.596509132478467,0.687180911874764,0.76741396324429,0.0182631573747424,"true"
"527","q[24,2]",0.59319675091837,0.0466562712733634,0.000852043529999537,0.500936301332257,0.593092976958006,0.682154178712624,0.018262143689266,"true"
"528","q[25,2]",0.722885071571777,0.0418852525449303,0.00075397839774768,0.637638494836895,0.72452673460037,0.799310941174741,0.018001046954149,"true"
"529","q[26,2]",0.742991635576946,0.0397389055013913,0.000695719510161742,0.665190456742522,0.744388600112869,0.817138684127315,0.0175072640120243,"true"
"530","q[27,2]",0.684111816331958,0.0446172231409915,0.000830950642924299,0.595127300047087,0.684963415958657,0.768994470244562,0.0186239883261778,"true"
"531","q[28,2]",0.757498822133996,0.0404243820624779,0.000735036497024326,0.673592256810505,0.758605606707655,0.832509605773462,0.018182998960585,"true"
"532","q[29,2]",0.615067876298396,0.0457169531173671,0.000816549831802646,0.524148227047831,0.615516719567238,0.70248384422665,0.0178609853921444,"true"
"533","q[30,2]",0.612539528886593,0.04732632648272,0.000864303566302141,0.516789295198948,0.613006463871084,0.702946997948805,0.0182626379551711,"true"
"534","q[31,2]",0.607696217797984,0.0463744246947222,0.000846852201863194,0.512536752955297,0.608056160459394,0.694120940146876,0.0182611904608613,"true"
"535","q[32,2]",0.462720943509842,0.047223325873879,0.000876401168271439,0.370743520127284,0.462492163622015,0.557095039259925,0.0185586498208973,"true"
"536","q[33,2]",0.598222751984822,0.0460535916327489,0.000844560986911116,0.510070853216634,0.598580518156995,0.687906795862182,0.0183386562691138,"true"
"537","q[34,2]",0.395397912684397,0.0462591791723063,0.000818956073239102,0.306612185670209,0.393780524681487,0.488107166151316,0.0177036447228917,"true"
"538","q[35,2]",0.764448281923603,0.0391888233885954,0.000699807129153564,0.684134821998916,0.765415669055393,0.838061726083127,0.0178573141177089,"true"
"539","q[36,2]",0.261684744821819,0.041037348061208,0.00067332546682018,0.184015582778122,0.259935440609727,0.346410397315619,0.0164076261900721,"true"
"540","q[37,2]",0.444852335068959,0.0466868959170594,0.000886149973817991,0.353170292320473,0.444680997666206,0.536795710480135,0.018980700181744,"true"
"541","q[1,3]",0.0313512544924931,0.0525173679765112,0.000958726028928023,7.38117034858003e-06,0.0113311431661808,0.172791608491516,0.0182554089412253,"true"
"542","q[2,3]",0.0317210309692499,0.0530560947530576,0.00095264008476034,8.22208384247212e-06,0.0110452390133526,0.190710696966826,0.0179553374441574,"true"
"543","q[3,3]",0.0349547669463222,0.056082765954623,0.00102407415322679,7.07010347006046e-06,0.0130023592537657,0.198469694937757,0.0182600507623923,"true"
"544","q[4,3]",0.03867192683989,0.0179279985134559,0.000327238146725708,0.0118622394623331,0.0361201259968413,0.0796121841747895,0.018252910188502,"true"
"545","q[5,3]",0.0193554422822592,0.0121594597686105,0.000230181537598647,0.0033602758313625,0.0170149041455728,0.0486611365290094,0.0189302437755383,"true"
"546","q[6,3]",0.0226282855444534,0.0142180231183329,0.00024666154572773,0.00396616485489992,0.019472088248449,0.0564456181621957,0.0173485120733614,"true"
"547","q[7,3]",0.0571431840273362,0.0219002769661468,0.000417368419328496,0.0219720458147714,0.0544220741097412,0.10804904161799,0.0190576776710934,"true"
"548","q[8,3]",0.0294445998362769,0.0155419237750785,0.000283662262920262,0.0073233562135721,0.0266549361653361,0.0666550167792395,0.0182514254364775,"true"
"549","q[9,3]",0.0257685505138776,0.0390542739365173,0.000717049657850063,3.17773827089398e-06,0.0105521585913726,0.134050553162392,0.0183603376935295,"true"
"550","q[10,3]",0.0294364433421391,0.0161617018647949,0.000290126509493578,0.00631981190370269,0.0262430259808183,0.0692353463228006,0.0179514825802821,"true"
"551","q[11,3]",0.0268478815204628,0.0421324225070711,0.000786878427436135,4.79644311959115e-06,0.0103602663959794,0.151677382049829,0.0186763157827935,"true"
"552","q[12,3]",0.0347214471091798,0.0510967423960649,0.00105208091484601,1.10936845873133e-05,0.0145993999325943,0.175981420465979,0.0205899802122617,"true"
"553","q[13,3]",0.09758219298138,0.0277063815266006,0.00049813616579676,0.0504052645519579,0.0952665165648746,0.159110878001467,0.0179791130544602,"true"
"554","q[14,3]",0.00388862614016215,0.00565704636855288,0.000103189409594627,1.10266319724055e-06,0.00167441979522012,0.0193667234230437,0.0182408633184005,"true"
"555","q[15,3]",0.0133095059986221,0.011234131349631,0.000205174519872816,0.000749941674607244,0.0104120385857983,0.0432476497312604,0.0182634966146765,"true"
"556","q[16,3]",0.00392897380225142,0.00555111612030359,0.000105213591605563,1.29690207213237e-06,0.0017587174444838,0.0194356294626714,0.0189535922732254,"true"
"557","q[17,3]",0.0119360366441921,0.00996383034692217,0.000179103637453347,0.000794615820203035,0.00921186744470814,0.0378282237059786,0.0179753800714473,"true"
"558","q[18,3]",0.00385211650240551,0.0055074197802621,0.000101719645740411,6.6034003237761e-07,0.00176067978743658,0.0184346543358685,0.0184695646598361,"true"
"559","q[19,3]",0.00402225977971344,0.00570576129201154,0.000104173658695457,9.39783965689382e-07,0.00167961902530894,0.020917047093341,0.0182576265223902,"true"
"560","q[20,3]",0.00422089942737656,0.00618146109778294,0.000114884673750783,1.08688016492732e-06,0.0017193483874023,0.0230241299894597,0.018585359016817,"true"
"561","q[21,3]",0.00392775760854849,0.00585848740516857,0.000103619639879361,6.77748218180842e-07,0.00159085238426286,0.0208342071017628,0.0176870978314205,"true"
"562","q[22,3]",0.00433756677383119,0.0063265378534951,0.000118711248501838,1.83206903271406e-06,0.00184876619729475,0.0226223089158826,0.0187640145765121,"true"
"563","q[23,3]",0.0217193841749668,0.0134990110346289,0.000246492362397727,0.00382568871082453,0.0190666630902137,0.0541093180962555,0.0182600311804622,"true"
"564","q[24,3]",0.0128687283525003,0.010581069329442,0.000183122392363468,0.000867840464077662,0.00979139935700574,0.0394797918156347,0.0173066054726555,"true"
"565","q[25,3]",0.0390968414820417,0.0181982049676109,0.00033224528587554,0.0123767400385777,0.0361832143549178,0.083144244051776,0.0182570361454258,"true"
"566","q[26,3]",0.00407306380074884,0.00604793728822975,0.000115981637208113,7.89617982709977e-07,0.00175453385967454,0.0212503551185472,0.0191770568510741,"true"
"567","q[27,3]",0.00396167841765655,0.00587653776628917,0.000105528314714121,1.73245698447052e-06,0.00164598060604865,0.0216555887294851,0.0179575659871508,"true"
"568","q[28,3]",0.0125025774455529,0.0101231487697369,0.000180032561260871,0.000752953525862822,0.00994914347347879,0.0385852546413924,0.0177842453327444,"true"
"569","q[29,3]",0.031056919495484,0.0164829177780837,0.000309971908313038,0.00802500483809559,0.027897948620061,0.0720641883639655,0.0188056454862129,"true"
"570","q[30,3]",0.0123651890691368,0.0100098661335768,0.00018527061583987,0.000939699231855842,0.00969248612926934,0.0386694632152329,0.0185088005541256,"true"
"571","q[31,3]",0.0301129716728589,0.0159527733228691,0.000291130573605589,0.00732456189368814,0.0272558483956928,0.0674674897235594,0.0182495273839464,"true"
"572","q[32,3]",0.0124785229882442,0.0103077407763265,0.000181965248979728,0.000838847757791346,0.00972842985235783,0.0389728381714706,0.01765326204144,"true"
"573","q[33,3]",0.00410143281062998,0.00621451545117672,0.000112669688310878,7.17189266257446e-07,0.00166442386306759,0.0210267471100682,0.0181300841869407,"true"
"574","q[34,3]",0.0126646961227938,0.0103730642289868,0.000198159244721128,0.000845863056500805,0.00999433823282368,0.0402060241792594,0.0191032505291335,"true"
"575","q[35,3]",0.0211024055146043,0.0132477512785989,0.000241945388150174,0.00371298138798185,0.018135536098477,0.0538459864305547,0.0182631288180225,"true"
"576","q[36,3]",0.0131931222502031,0.0105756475896083,0.000193056794267263,0.00090269435754214,0.0104585102026383,0.0405573356936069,0.0182548437465865,"true"
"577","q[37,3]",0.011327515147656,0.00952252524819751,0.000173874603554298,0.000749126597810796,0.00878669915356391,0.0359359659618159,0.0182592956198473,"true"
"578","sigma.R",0.465967674669219,0.0725433836274534,0.00134663659012683,0.34773906810747,0.458579872033928,0.629205197321186,0.0185631896775382,"true"
"579","sigma.R0",0.584726454816067,0.370784407959581,0.00654665144791157,0.228244886940803,0.485941226578781,1.50930530350107,0.0176562209935894,"true"
