"oy_0.9","oy_0.8","or_0.9","or_0.8","of_0.9","of_0.8","oy_0.7","or_0.7","of_0.7","Escapement"
0,0,0,0,1,1,0,0,1,0
0,0,0,0,1,1,0,0,1,500
0,0,0,0,1,1,0,0,1,1000
0,0,0,0,1,1,0.00666666666666667,0,0.993333333333333,1500
0,0.0133333333333333,0,0.02,1,0.986666666666667,0.14,0.0933333333333333,0.86,2000
0.00666666666666667,0.14,0.0266666666666667,0.0933333333333333,0.993333333333333,0.86,0.36,0.2,0.64,2500
0.0866666666666667,0.32,0.0933333333333333,0.2,0.913333333333333,0.68,0.54,0.326666666666667,0.46,3000
0.253333333333333,0.48,0.166666666666667,0.313333333333333,0.746666666666667,0.52,0.693333333333333,0.433333333333333,0.306666666666667,3500
0.373333333333333,0.633333333333333,0.246666666666667,0.373333333333333,0.626666666666667,0.366666666666667,0.813333333333333,0.506666666666667,0.186666666666667,4000
0.513333333333333,0.706666666666667,0.333333333333333,0.46,0.486666666666667,0.293333333333333,0.833333333333333,0.566666666666667,0.166666666666667,4500
0.62,0.813333333333333,0.4,0.526666666666667,0.38,0.186666666666667,0.893333333333333,0.633333333333333,0.106666666666667,5000
0.693333333333333,0.833333333333333,0.466666666666667,0.566666666666667,0.3,0.166666666666667,0.92,0.706666666666667,0.08,5500
0.726666666666667,0.86,0.506666666666667,0.606666666666667,0.24,0.133333333333333,0.933333333333333,0.753333333333333,0.0666666666666667,6000
0.726666666666667,0.9,0.553333333333333,0.686666666666667,0.186666666666667,0.0933333333333333,0.94,0.786666666666667,0.0533333333333333,6500
0.7,0.886666666666667,0.586666666666667,0.726666666666667,0.166666666666667,0.0733333333333333,0.946666666666667,0.806666666666667,0.0466666666666667,7000
0.64,0.84,0.62,0.766666666666667,0.133333333333333,0.0666666666666667,0.92,0.826666666666667,0.0466666666666667,7500
0.633333333333333,0.793333333333333,0.693333333333333,0.786666666666667,0.0933333333333333,0.0533333333333333,0.866666666666667,0.84,0.0466666666666667,8000
0.553333333333333,0.72,0.72,0.806666666666667,0.0866666666666667,0.0466666666666667,0.846666666666667,0.866666666666667,0.0466666666666667,8500
0.473333333333333,0.686666666666667,0.746666666666667,0.813333333333333,0.0733333333333333,0.0466666666666667,0.746666666666667,0.886666666666667,0.0466666666666667,9000
0.446666666666667,0.62,0.766666666666667,0.826666666666667,0.0666666666666667,0.0466666666666667,0.706666666666667,0.9,0.0466666666666667,9500
0.393333333333333,0.553333333333333,0.786666666666667,0.853333333333333,0.0533333333333333,0.0466666666666667,0.666666666666667,0.9,0.0466666666666667,10000
0.36,0.48,0.793333333333333,0.873333333333333,0.0466666666666667,0.0466666666666667,0.593333333333333,0.906666666666667,0.0466666666666667,10500
0.313333333333333,0.433333333333333,0.793333333333333,0.88,0.0466666666666667,0.0466666666666667,0.52,0.913333333333333,0.0466666666666667,11000
0.26,0.386666666666667,0.806666666666667,0.886666666666667,0.0466666666666667,0.0466666666666667,0.48,0.906666666666667,0.04,11500
0.233333333333333,0.333333333333333,0.806666666666667,0.886666666666667,0.0466666666666667,0.0466666666666667,0.44,0.92,0.04,12000
0.2,0.293333333333333,0.813333333333333,0.886666666666667,0.0466666666666667,0.0466666666666667,0.393333333333333,0.926666666666667,0.04,12500
0.153333333333333,0.26,0.806666666666667,0.886666666666667,0.0466666666666667,0.0466666666666667,0.36,0.926666666666667,0.02,13000
0.14,0.233333333333333,0.793333333333333,0.886666666666667,0.0466666666666667,0.0466666666666667,0.34,0.933333333333333,0.02,13500
0.133333333333333,0.206666666666667,0.806666666666667,0.853333333333333,0.0466666666666667,0.04,0.286666666666667,0.933333333333333,0.02,14000
0.113333333333333,0.16,0.793333333333333,0.846666666666667,0.0466666666666667,0.04,0.266666666666667,0.933333333333333,0.02,14500
0.0933333333333333,0.146666666666667,0.76,0.846666666666667,0.0466666666666667,0.04,0.233333333333333,0.926666666666667,0.02,15000
0.0933333333333333,0.146666666666667,0.746666666666667,0.846666666666667,0.0466666666666667,0.04,0.206666666666667,0.886666666666667,0.02,15500
0.06,0.14,0.726666666666667,0.833333333333333,0.0466666666666667,0.02,0.18,0.88,0.02,16000
0.0466666666666667,0.133333333333333,0.693333333333333,0.84,0.0466666666666667,0.02,0.166666666666667,0.873333333333333,0.02,16500
0.04,0.12,0.666666666666667,0.82,0.0466666666666667,0.02,0.16,0.86,0.02,17000
0.0466666666666667,0.113333333333333,0.64,0.8,0.04,0.02,0.14,0.853333333333333,0.02,17500
0.0333333333333333,0.0866666666666667,0.646666666666667,0.766666666666667,0.04,0.02,0.12,0.846666666666667,0.02,18000
0.0333333333333333,0.0666666666666667,0.633333333333333,0.746666666666667,0.04,0.02,0.12,0.833333333333333,0.02,18500
0.0266666666666667,0.0666666666666667,0.606666666666667,0.72,0.04,0.02,0.113333333333333,0.82,0.02,19000
0.0266666666666667,0.0666666666666667,0.586666666666667,0.693333333333333,0.04,0.02,0.0866666666666667,0.793333333333333,0.02,19500
0.04,0.0533333333333333,0.58,0.673333333333333,0.02,0.02,0.0666666666666667,0.773333333333333,0.02,20000
0.0333333333333333,0.0533333333333333,0.553333333333333,0.673333333333333,0.02,0.02,0.0666666666666667,0.753333333333333,0.02,20500
0.0333333333333333,0.0533333333333333,0.54,0.653333333333333,0.02,0.02,0.0666666666666667,0.726666666666667,0.02,21000
0.0266666666666667,0.0466666666666667,0.533333333333333,0.613333333333333,0.02,0.02,0.06,0.706666666666667,0.0133333333333333,21500
0.0266666666666667,0.04,0.526666666666667,0.593333333333333,0.02,0.02,0.06,0.7,0.0133333333333333,22000
0.0266666666666667,0.04,0.513333333333333,0.58,0.02,0.02,0.06,0.686666666666667,0.0133333333333333,22500
0.0266666666666667,0.0333333333333333,0.513333333333333,0.56,0.02,0.02,0.0533333333333333,0.686666666666667,0.0133333333333333,23000
0.0266666666666667,0.0333333333333333,0.506666666666667,0.546666666666667,0.02,0.02,0.0533333333333333,0.64,0.0133333333333333,23500
0.0266666666666667,0.0266666666666667,0.493333333333333,0.54,0.02,0.02,0.0466666666666667,0.626666666666667,0.0133333333333333,24000
0.0266666666666667,0.0266666666666667,0.473333333333333,0.533333333333333,0.02,0.02,0.0466666666666667,0.613333333333333,0.0133333333333333,24500
0.0266666666666667,0.0266666666666667,0.453333333333333,0.526666666666667,0.02,0.02,0.04,0.606666666666667,0.0133333333333333,25000
0.0266666666666667,0.0266666666666667,0.446666666666667,0.52,0.02,0.02,0.04,0.586666666666667,0.0133333333333333,25500
0.0266666666666667,0.0266666666666667,0.433333333333333,0.513333333333333,0.02,0.02,0.0333333333333333,0.573333333333333,0.0133333333333333,26000
0.0266666666666667,0.0333333333333333,0.426666666666667,0.5,0.02,0.0133333333333333,0.0333333333333333,0.56,0.0133333333333333,26500
0.0266666666666667,0.0333333333333333,0.42,0.506666666666667,0.02,0.0133333333333333,0.0333333333333333,0.553333333333333,0.0133333333333333,27000
0.0266666666666667,0.0333333333333333,0.406666666666667,0.493333333333333,0.02,0.0133333333333333,0.0333333333333333,0.546666666666667,0.0133333333333333,27500
0.0266666666666667,0.0333333333333333,0.373333333333333,0.473333333333333,0.02,0.0133333333333333,0.0333333333333333,0.546666666666667,0.0133333333333333,28000
0.0266666666666667,0.0333333333333333,0.366666666666667,0.46,0.02,0.0133333333333333,0.04,0.546666666666667,0.00666666666666667,28500
0.0266666666666667,0.0333333333333333,0.353333333333333,0.46,0.02,0.0133333333333333,0.04,0.533333333333333,0.00666666666666667,29000
0.0266666666666667,0.0333333333333333,0.353333333333333,0.453333333333333,0.02,0.0133333333333333,0.04,0.52,0.00666666666666667,29500
0.0266666666666667,0.0333333333333333,0.346666666666667,0.446666666666667,0.02,0.0133333333333333,0.04,0.52,0.00666666666666667,30000
0.0266666666666667,0.0333333333333333,0.34,0.44,0.02,0.0133333333333333,0.04,0.513333333333333,0.00666666666666667,30500
0.0266666666666667,0.0333333333333333,0.333333333333333,0.42,0.02,0.0133333333333333,0.04,0.506666666666667,0.00666666666666667,31000
0.0266666666666667,0.0333333333333333,0.313333333333333,0.393333333333333,0.02,0.0133333333333333,0.04,0.486666666666667,0.00666666666666667,31500
0.0266666666666667,0.0333333333333333,0.306666666666667,0.386666666666667,0.02,0.0133333333333333,0.04,0.48,0.00666666666666667,32000
0.0266666666666667,0.0333333333333333,0.313333333333333,0.38,0.02,0.0133333333333333,0.04,0.466666666666667,0.00666666666666667,32500
0.0333333333333333,0.0333333333333333,0.313333333333333,0.373333333333333,0.0133333333333333,0.0133333333333333,0.04,0.453333333333333,0.00666666666666667,33000
0.0333333333333333,0.0333333333333333,0.286666666666667,0.366666666666667,0.0133333333333333,0.0133333333333333,0.04,0.446666666666667,0.00666666666666667,33500
0.0333333333333333,0.0333333333333333,0.28,0.366666666666667,0.0133333333333333,0.0133333333333333,0.04,0.433333333333333,0.00666666666666667,34000
0.0333333333333333,0.0333333333333333,0.266666666666667,0.36,0.0133333333333333,0.0133333333333333,0.04,0.42,0.00666666666666667,34500
0.0333333333333333,0.04,0.246666666666667,0.353333333333333,0.0133333333333333,0.00666666666666667,0.04,0.393333333333333,0.00666666666666667,35000
0.0333333333333333,0.04,0.24,0.346666666666667,0.0133333333333333,0.00666666666666667,0.04,0.393333333333333,0.00666666666666667,35500
0.0266666666666667,0.04,0.226666666666667,0.326666666666667,0.0133333333333333,0.00666666666666667,0.04,0.38,0.00666666666666667,36000
0.0266666666666667,0.04,0.213333333333333,0.326666666666667,0.0133333333333333,0.00666666666666667,0.04,0.373333333333333,0.00666666666666667,36500
0.0266666666666667,0.04,0.2,0.326666666666667,0.0133333333333333,0.00666666666666667,0.04,0.366666666666667,0.00666666666666667,37000
0.0266666666666667,0.04,0.2,0.306666666666667,0.0133333333333333,0.00666666666666667,0.04,0.366666666666667,0.00666666666666667,37500
0.0266666666666667,0.04,0.2,0.293333333333333,0.0133333333333333,0.00666666666666667,0.04,0.366666666666667,0.00666666666666667,38000
0.0266666666666667,0.04,0.186666666666667,0.293333333333333,0.0133333333333333,0.00666666666666667,0.04,0.36,0.00666666666666667,38500
0.0266666666666667,0.04,0.18,0.266666666666667,0.0133333333333333,0.00666666666666667,0.04,0.36,0.00666666666666667,39000
0.0266666666666667,0.04,0.18,0.26,0.0133333333333333,0.00666666666666667,0.04,0.346666666666667,0.00666666666666667,39500
0.0266666666666667,0.0333333333333333,0.173333333333333,0.253333333333333,0.0133333333333333,0.00666666666666667,0.04,0.333333333333333,0.00666666666666667,40000
0.0133333333333333,0.0333333333333333,0.16,0.233333333333333,0.0133333333333333,0.00666666666666667,0.04,0.326666666666667,0.00666666666666667,40500
0.00666666666666667,0.0333333333333333,0.16,0.213333333333333,0.0133333333333333,0.00666666666666667,0.04,0.326666666666667,0.00666666666666667,41000
0.00666666666666667,0.0333333333333333,0.16,0.213333333333333,0.0133333333333333,0.00666666666666667,0.04,0.313333333333333,0.00666666666666667,41500
0.00666666666666667,0.0333333333333333,0.16,0.206666666666667,0.0133333333333333,0.00666666666666667,0.04,0.3,0.00666666666666667,42000
0.00666666666666667,0.0333333333333333,0.16,0.2,0.0133333333333333,0.00666666666666667,0.04,0.3,0.00666666666666667,42500
0.00666666666666667,0.0333333333333333,0.16,0.2,0.0133333333333333,0.00666666666666667,0.04,0.3,0.00666666666666667,43000
0.0133333333333333,0.0333333333333333,0.153333333333333,0.186666666666667,0.00666666666666667,0.00666666666666667,0.0333333333333333,0.28,0.00666666666666667,43500
0.0133333333333333,0.0333333333333333,0.153333333333333,0.18,0.00666666666666667,0.00666666666666667,0.0333333333333333,0.266666666666667,0.00666666666666667,44000
0.0133333333333333,0.0333333333333333,0.153333333333333,0.18,0.00666666666666667,0.00666666666666667,0.0333333333333333,0.26,0.00666666666666667,44500
0.0133333333333333,0.0333333333333333,0.153333333333333,0.173333333333333,0.00666666666666667,0.00666666666666667,0.0333333333333333,0.246666666666667,0.00666666666666667,45000
0.0133333333333333,0.0133333333333333,0.146666666666667,0.166666666666667,0.00666666666666667,0.00666666666666667,0.0333333333333333,0.22,0.00666666666666667,45500
0.0133333333333333,0.0133333333333333,0.146666666666667,0.166666666666667,0.00666666666666667,0.00666666666666667,0.0333333333333333,0.22,0.00666666666666667,46000
0.0133333333333333,0.0133333333333333,0.146666666666667,0.16,0.00666666666666667,0.00666666666666667,0.0333333333333333,0.22,0.00666666666666667,46500
0.0133333333333333,0.0133333333333333,0.14,0.16,0.00666666666666667,0.00666666666666667,0.0333333333333333,0.213333333333333,0.00666666666666667,47000
0.0133333333333333,0.0133333333333333,0.133333333333333,0.16,0.00666666666666667,0.00666666666666667,0.0333333333333333,0.213333333333333,0.00666666666666667,47500
0.0133333333333333,0.0133333333333333,0.126666666666667,0.16,0.00666666666666667,0.00666666666666667,0.0333333333333333,0.206666666666667,0.00666666666666667,48000
0.0133333333333333,0.0133333333333333,0.126666666666667,0.16,0.00666666666666667,0.00666666666666667,0.0333333333333333,0.2,0.00666666666666667,48500
0.0133333333333333,0.0133333333333333,0.126666666666667,0.16,0.00666666666666667,0.00666666666666667,0.0266666666666667,0.186666666666667,0.00666666666666667,49000
0.0133333333333333,0.0133333333333333,0.126666666666667,0.153333333333333,0.00666666666666667,0.00666666666666667,0.0133333333333333,0.186666666666667,0.00666666666666667,49500
0.0133333333333333,0.0133333333333333,0.12,0.153333333333333,0.00666666666666667,0.00666666666666667,0.0133333333333333,0.18,0.00666666666666667,50000
0.0133333333333333,0.0133333333333333,0.12,0.16,0.00666666666666667,0.00666666666666667,0.02,0.18,0,50500
0.0133333333333333,0.0133333333333333,0.12,0.16,0.00666666666666667,0.00666666666666667,0.02,0.173333333333333,0,51000
0.0133333333333333,0.0133333333333333,0.12,0.16,0.00666666666666667,0.00666666666666667,0.02,0.173333333333333,0,51500
0.0133333333333333,0.0133333333333333,0.106666666666667,0.153333333333333,0.00666666666666667,0.00666666666666667,0.02,0.166666666666667,0,52000
0.0133333333333333,0.0133333333333333,0.1,0.153333333333333,0.00666666666666667,0.00666666666666667,0.02,0.166666666666667,0,52500
0.0133333333333333,0.0133333333333333,0.1,0.146666666666667,0.00666666666666667,0.00666666666666667,0.02,0.166666666666667,0,53000
0.0133333333333333,0.0133333333333333,0.1,0.146666666666667,0.00666666666666667,0.00666666666666667,0.02,0.166666666666667,0,53500
0.0133333333333333,0.0133333333333333,0.1,0.133333333333333,0.00666666666666667,0.00666666666666667,0.02,0.166666666666667,0,54000
0.0133333333333333,0.0133333333333333,0.1,0.133333333333333,0.00666666666666667,0.00666666666666667,0.02,0.166666666666667,0,54500
0.0133333333333333,0.0133333333333333,0.1,0.133333333333333,0.00666666666666667,0.00666666666666667,0.02,0.166666666666667,0,55000
0.0133333333333333,0.0133333333333333,0.0933333333333333,0.133333333333333,0.00666666666666667,0.00666666666666667,0.02,0.16,0,55500
0.0133333333333333,0.0133333333333333,0.0933333333333333,0.126666666666667,0.00666666666666667,0.00666666666666667,0.02,0.16,0,56000
0.0133333333333333,0.0133333333333333,0.0933333333333333,0.126666666666667,0.00666666666666667,0.00666666666666667,0.02,0.16,0,56500
0.0133333333333333,0.0133333333333333,0.0933333333333333,0.126666666666667,0.00666666666666667,0.00666666666666667,0.02,0.16,0,57000
0.0133333333333333,0.0133333333333333,0.0933333333333333,0.126666666666667,0.00666666666666667,0.00666666666666667,0.02,0.166666666666667,0,57500
0.0133333333333333,0.0133333333333333,0.0866666666666667,0.12,0.00666666666666667,0.00666666666666667,0.02,0.16,0,58000
0.0133333333333333,0.0133333333333333,0.0866666666666667,0.113333333333333,0.00666666666666667,0.00666666666666667,0.02,0.16,0,58500
0.0133333333333333,0.0133333333333333,0.0866666666666667,0.106666666666667,0.00666666666666667,0.00666666666666667,0.02,0.16,0,59000
0.0133333333333333,0.0133333333333333,0.0866666666666667,0.106666666666667,0.00666666666666667,0.00666666666666667,0.02,0.153333333333333,0,59500
0.0133333333333333,0.0133333333333333,0.08,0.106666666666667,0.00666666666666667,0.00666666666666667,0.02,0.146666666666667,0,60000
0.0133333333333333,0.0133333333333333,0.08,0.106666666666667,0.00666666666666667,0.00666666666666667,0.02,0.14,0,60500
0.0133333333333333,0.0133333333333333,0.08,0.106666666666667,0.00666666666666667,0.00666666666666667,0.02,0.14,0,61000
0.0133333333333333,0.0133333333333333,0.08,0.106666666666667,0.00666666666666667,0.00666666666666667,0.02,0.14,0,61500
0.0133333333333333,0.02,0.08,0.106666666666667,0.00666666666666667,0,0.02,0.14,0,62000
0.0133333333333333,0.02,0.08,0.1,0.00666666666666667,0,0.02,0.133333333333333,0,62500
0.0133333333333333,0.02,0.08,0.1,0.00666666666666667,0,0.02,0.133333333333333,0,63000
0.0133333333333333,0.02,0.08,0.1,0.00666666666666667,0,0.02,0.133333333333333,0,63500
0.0133333333333333,0.02,0.08,0.1,0.00666666666666667,0,0.02,0.133333333333333,0,64000
0.0133333333333333,0.02,0.0733333333333333,0.1,0.00666666666666667,0,0.02,0.126666666666667,0,64500
0.0133333333333333,0.02,0.0733333333333333,0.1,0.00666666666666667,0,0.02,0.126666666666667,0,65000
0.0133333333333333,0.02,0.0733333333333333,0.0933333333333333,0.00666666666666667,0,0.02,0.113333333333333,0,65500
0.0133333333333333,0.02,0.0666666666666667,0.0933333333333333,0.00666666666666667,0,0.02,0.113333333333333,0,66000
0.0133333333333333,0.02,0.0666666666666667,0.0933333333333333,0.00666666666666667,0,0.02,0.113333333333333,0,66500
0.0133333333333333,0.02,0.0666666666666667,0.0933333333333333,0.00666666666666667,0,0.02,0.113333333333333,0,67000
0.0133333333333333,0.02,0.0666666666666667,0.0933333333333333,0.00666666666666667,0,0.02,0.113333333333333,0,67500
0.00666666666666667,0.02,0.0666666666666667,0.0866666666666667,0.00666666666666667,0,0.02,0.113333333333333,0,68000
0.00666666666666667,0.02,0.0666666666666667,0.0866666666666667,0.00666666666666667,0,0.02,0.113333333333333,0,68500
0.00666666666666667,0.02,0.0666666666666667,0.0866666666666667,0.00666666666666667,0,0.02,0.113333333333333,0,69000
0.00666666666666667,0.02,0.0666666666666667,0.0866666666666667,0.00666666666666667,0,0.02,0.113333333333333,0,69500
0.00666666666666667,0.02,0.0666666666666667,0.0866666666666667,0.00666666666666667,0,0.02,0.106666666666667,0,70000
0.00666666666666667,0.02,0.0666666666666667,0.0866666666666667,0.00666666666666667,0,0.02,0.106666666666667,0,70500
0.00666666666666667,0.02,0.0666666666666667,0.0866666666666667,0.00666666666666667,0,0.02,0.106666666666667,0,71000
0.00666666666666667,0.02,0.06,0.08,0.00666666666666667,0,0.02,0.106666666666667,0,71500
0.00666666666666667,0.02,0.06,0.08,0.00666666666666667,0,0.02,0.106666666666667,0,72000
0.00666666666666667,0.02,0.0533333333333333,0.08,0.00666666666666667,0,0.02,0.1,0,72500
0.00666666666666667,0.02,0.0533333333333333,0.08,0.00666666666666667,0,0.02,0.1,0,73000
0.00666666666666667,0.02,0.0533333333333333,0.08,0.00666666666666667,0,0.02,0.1,0,73500
0.00666666666666667,0.02,0.0533333333333333,0.08,0.00666666666666667,0,0.02,0.1,0,74000
0.00666666666666667,0.02,0.0466666666666667,0.08,0.00666666666666667,0,0.02,0.1,0,74500
0.00666666666666667,0.02,0.0466666666666667,0.0733333333333333,0.00666666666666667,0,0.02,0.1,0,75000
0.00666666666666667,0.0133333333333333,0.0466666666666667,0.0733333333333333,0.00666666666666667,0,0.02,0.1,0,75500
0.00666666666666667,0.0133333333333333,0.0466666666666667,0.0733333333333333,0.00666666666666667,0,0.02,0.0933333333333333,0,76000
0.00666666666666667,0.0133333333333333,0.0466666666666667,0.0733333333333333,0.00666666666666667,0,0.02,0.0933333333333333,0,76500
0.0133333333333333,0.0133333333333333,0.0466666666666667,0.0733333333333333,0,0,0.02,0.0933333333333333,0,77000
0.0133333333333333,0.0133333333333333,0.0466666666666667,0.0733333333333333,0,0,0.02,0.0933333333333333,0,77500
0.0133333333333333,0.0133333333333333,0.0466666666666667,0.0733333333333333,0,0,0.02,0.0933333333333333,0,78000
0.0133333333333333,0.0133333333333333,0.0466666666666667,0.0733333333333333,0,0,0.02,0.0866666666666667,0,78500
0.0133333333333333,0.0133333333333333,0.0466666666666667,0.0733333333333333,0,0,0.02,0.08,0,79000
0.0133333333333333,0.0133333333333333,0.04,0.0733333333333333,0,0,0.02,0.08,0,79500
0.0133333333333333,0.0133333333333333,0.04,0.0733333333333333,0,0,0.02,0.08,0,80000
0.0133333333333333,0.0133333333333333,0.04,0.0666666666666667,0,0,0.02,0.08,0,80500
0.0133333333333333,0.0133333333333333,0.04,0.0666666666666667,0,0,0.02,0.08,0,81000
0.0133333333333333,0.0133333333333333,0.04,0.0666666666666667,0,0,0.0133333333333333,0.08,0,81500
0.0133333333333333,0.0133333333333333,0.04,0.0666666666666667,0,0,0.0133333333333333,0.08,0,82000
0.0133333333333333,0.0133333333333333,0.04,0.06,0,0,0.0133333333333333,0.08,0,82500
0.0133333333333333,0.0133333333333333,0.04,0.06,0,0,0.0133333333333333,0.08,0,83000
0.0133333333333333,0.0133333333333333,0.04,0.06,0,0,0.0133333333333333,0.08,0,83500
0.0133333333333333,0.0133333333333333,0.04,0.0533333333333333,0,0,0.0133333333333333,0.0733333333333333,0,84000
0.0133333333333333,0.0133333333333333,0.0466666666666667,0.0533333333333333,0,0,0.0133333333333333,0.0733333333333333,0,84500
0.0133333333333333,0.0133333333333333,0.0466666666666667,0.0533333333333333,0,0,0.0133333333333333,0.0733333333333333,0,85000
0.0133333333333333,0.0133333333333333,0.0466666666666667,0.0533333333333333,0,0,0.0133333333333333,0.0733333333333333,0,85500
0.0133333333333333,0.0133333333333333,0.0466666666666667,0.0533333333333333,0,0,0.0133333333333333,0.0733333333333333,0,86000
0.0133333333333333,0.0133333333333333,0.0466666666666667,0.0533333333333333,0,0,0.0133333333333333,0.0733333333333333,0,86500
0.0133333333333333,0.0133333333333333,0.0466666666666667,0.0533333333333333,0,0,0.0133333333333333,0.0733333333333333,0,87000
0.0133333333333333,0.0133333333333333,0.0466666666666667,0.0533333333333333,0,0,0.0133333333333333,0.0733333333333333,0,87500
0.0133333333333333,0.0133333333333333,0.0466666666666667,0.0533333333333333,0,0,0.0133333333333333,0.0733333333333333,0,88000
0.00666666666666667,0.0133333333333333,0.0466666666666667,0.0533333333333333,0,0,0.0133333333333333,0.0733333333333333,0,88500
0.00666666666666667,0.0133333333333333,0.0466666666666667,0.0533333333333333,0,0,0.0133333333333333,0.0733333333333333,0,89000
0.00666666666666667,0.0133333333333333,0.0466666666666667,0.0466666666666667,0,0,0.0133333333333333,0.0733333333333333,0,89500
0.00666666666666667,0.0133333333333333,0.0466666666666667,0.0466666666666667,0,0,0.0133333333333333,0.0666666666666667,0,90000
0.00666666666666667,0.0133333333333333,0.0466666666666667,0.0466666666666667,0,0,0.0133333333333333,0.0666666666666667,0,90500
0.00666666666666667,0.0133333333333333,0.0466666666666667,0.0466666666666667,0,0,0.0133333333333333,0.0666666666666667,0,91000
0.00666666666666667,0.0133333333333333,0.04,0.0466666666666667,0,0,0.0133333333333333,0.0666666666666667,0,91500
0.00666666666666667,0.0133333333333333,0.04,0.0466666666666667,0,0,0.0133333333333333,0.0666666666666667,0,92000
0.00666666666666667,0.0133333333333333,0.04,0.0466666666666667,0,0,0.0133333333333333,0.06,0,92500
0.00666666666666667,0.0133333333333333,0.04,0.0466666666666667,0,0,0.0133333333333333,0.06,0,93000
0.00666666666666667,0.0133333333333333,0.04,0.0466666666666667,0,0,0.0133333333333333,0.0533333333333333,0,93500
0.00666666666666667,0.0133333333333333,0.04,0.0466666666666667,0,0,0.0133333333333333,0.0533333333333333,0,94000
0.00666666666666667,0.0133333333333333,0.04,0.0466666666666667,0,0,0.0133333333333333,0.0533333333333333,0,94500
0.00666666666666667,0.0133333333333333,0.04,0.0466666666666667,0,0,0.0133333333333333,0.0533333333333333,0,95000
0.00666666666666667,0.0133333333333333,0.04,0.0466666666666667,0,0,0.0133333333333333,0.0533333333333333,0,95500
0.00666666666666667,0.0133333333333333,0.04,0.0466666666666667,0,0,0.0133333333333333,0.0533333333333333,0,96000
0.00666666666666667,0.0133333333333333,0.04,0.0466666666666667,0,0,0.0133333333333333,0.0533333333333333,0,96500
0.00666666666666667,0.0133333333333333,0.04,0.0466666666666667,0,0,0.0133333333333333,0.0533333333333333,0,97000
0.00666666666666667,0.0133333333333333,0.04,0.0466666666666667,0,0,0.0133333333333333,0.0533333333333333,0,97500
0.00666666666666667,0.0133333333333333,0.04,0.0466666666666667,0,0,0.0133333333333333,0.0533333333333333,0,98000
0.00666666666666667,0.00666666666666667,0.04,0.0466666666666667,0,0,0.0133333333333333,0.0533333333333333,0,98500
0.00666666666666667,0.00666666666666667,0.04,0.0466666666666667,0,0,0.0133333333333333,0.0533333333333333,0,99000
0.00666666666666667,0.00666666666666667,0.04,0.0466666666666667,0,0,0.0133333333333333,0.0533333333333333,0,99500
0.00666666666666667,0.00666666666666667,0.04,0.0466666666666667,0,0,0.0133333333333333,0.0466666666666667,0,100000
0.00666666666666667,0.00666666666666667,0.04,0.0466666666666667,0,0,0.0133333333333333,0.0466666666666667,0,100500
0.00666666666666667,0.00666666666666667,0.04,0.0466666666666667,0,0,0.0133333333333333,0.0466666666666667,0,101000
0.00666666666666667,0.00666666666666667,0.04,0.04,0,0,0.0133333333333333,0.0466666666666667,0,101500
0.00666666666666667,0.00666666666666667,0.04,0.04,0,0,0.0133333333333333,0.0466666666666667,0,102000
0.00666666666666667,0.00666666666666667,0.04,0.04,0,0,0.0133333333333333,0.0466666666666667,0,102500
0.00666666666666667,0.00666666666666667,0.04,0.04,0,0,0.0133333333333333,0.0466666666666667,0,103000
0.00666666666666667,0.00666666666666667,0.04,0.04,0,0,0.0133333333333333,0.0466666666666667,0,103500
0.00666666666666667,0.00666666666666667,0.04,0.04,0,0,0.0133333333333333,0.0466666666666667,0,104000
0.00666666666666667,0.00666666666666667,0.04,0.04,0,0,0.0133333333333333,0.0466666666666667,0,104500
0.00666666666666667,0.00666666666666667,0.04,0.04,0,0,0.0133333333333333,0.0466666666666667,0,105000
0.00666666666666667,0.00666666666666667,0.04,0.04,0,0,0.0133333333333333,0.0466666666666667,0,105500
0.00666666666666667,0.00666666666666667,0.04,0.04,0,0,0.0133333333333333,0.0466666666666667,0,106000
0.00666666666666667,0.00666666666666667,0.04,0.04,0,0,0.00666666666666667,0.0466666666666667,0,106500
0.00666666666666667,0.00666666666666667,0.04,0.04,0,0,0.00666666666666667,0.0466666666666667,0,107000
0.00666666666666667,0.00666666666666667,0.04,0.04,0,0,0.00666666666666667,0.0466666666666667,0,107500
0.00666666666666667,0.00666666666666667,0.04,0.04,0,0,0.00666666666666667,0.0466666666666667,0,108000
0.00666666666666667,0.00666666666666667,0.04,0.04,0,0,0.00666666666666667,0.0466666666666667,0,108500
0.00666666666666667,0.00666666666666667,0.04,0.04,0,0,0.00666666666666667,0.0466666666666667,0,109000
0.00666666666666667,0.00666666666666667,0.04,0.04,0,0,0.00666666666666667,0.0466666666666667,0,109500
0.00666666666666667,0.00666666666666667,0.04,0.04,0,0,0.00666666666666667,0.0466666666666667,0,110000
0.00666666666666667,0.00666666666666667,0.04,0.04,0,0,0.00666666666666667,0.0466666666666667,0,110500
0.00666666666666667,0.00666666666666667,0.04,0.04,0,0,0.00666666666666667,0.0466666666666667,0,111000
0.00666666666666667,0.00666666666666667,0.04,0.04,0,0,0.00666666666666667,0.0466666666666667,0,111500
0.00666666666666667,0.00666666666666667,0.04,0.04,0,0,0.00666666666666667,0.04,0,112000
0.00666666666666667,0.00666666666666667,0.04,0.04,0,0,0.00666666666666667,0.04,0,112500
0.00666666666666667,0.00666666666666667,0.04,0.04,0,0,0.00666666666666667,0.04,0,113000
0.00666666666666667,0.00666666666666667,0.04,0.04,0,0,0.00666666666666667,0.04,0,113500
0.00666666666666667,0.00666666666666667,0.04,0.04,0,0,0.00666666666666667,0.04,0,114000
0.00666666666666667,0.00666666666666667,0.04,0.04,0,0,0.00666666666666667,0.04,0,114500
0.00666666666666667,0.00666666666666667,0.04,0.04,0,0,0.00666666666666667,0.04,0,115000
0.00666666666666667,0.00666666666666667,0.04,0.04,0,0,0.00666666666666667,0.04,0,115500
0.00666666666666667,0.00666666666666667,0.04,0.04,0,0,0.00666666666666667,0.04,0,116000
0.00666666666666667,0.00666666666666667,0.04,0.04,0,0,0.00666666666666667,0.04,0,116500
0.00666666666666667,0.00666666666666667,0.04,0.04,0,0,0.00666666666666667,0.04,0,117000
0.00666666666666667,0.00666666666666667,0.04,0.04,0,0,0.00666666666666667,0.04,0,117500
0.00666666666666667,0.00666666666666667,0.04,0.04,0,0,0.00666666666666667,0.04,0,118000
0.00666666666666667,0.00666666666666667,0.04,0.04,0,0,0.00666666666666667,0.04,0,118500
0.00666666666666667,0.00666666666666667,0.04,0.04,0,0,0.00666666666666667,0.04,0,119000
0.00666666666666667,0.00666666666666667,0.04,0.04,0,0,0.00666666666666667,0.04,0,119500
0.00666666666666667,0.00666666666666667,0.04,0.04,0,0,0.00666666666666667,0.04,0,120000
0.00666666666666667,0.00666666666666667,0.04,0.04,0,0,0.00666666666666667,0.04,0,120500
0.00666666666666667,0.00666666666666667,0.04,0.04,0,0,0.00666666666666667,0.04,0,121000
0.00666666666666667,0.00666666666666667,0.04,0.04,0,0,0.00666666666666667,0.04,0,121500
0.00666666666666667,0.00666666666666667,0.04,0.04,0,0,0.00666666666666667,0.04,0,122000
0.00666666666666667,0.00666666666666667,0.04,0.04,0,0,0.00666666666666667,0.04,0,122500
0.00666666666666667,0.00666666666666667,0.04,0.04,0,0,0.00666666666666667,0.04,0,123000
0.00666666666666667,0.00666666666666667,0.04,0.04,0,0,0.00666666666666667,0.04,0,123500
0.00666666666666667,0.00666666666666667,0.04,0.04,0,0,0.00666666666666667,0.04,0,124000
0.00666666666666667,0.00666666666666667,0.04,0.04,0,0,0.00666666666666667,0.04,0,124500
0.00666666666666667,0.00666666666666667,0.04,0.04,0,0,0.00666666666666667,0.04,0,125000
0.00666666666666667,0.00666666666666667,0.04,0.04,0,0,0.00666666666666667,0.04,0,125500
0.00666666666666667,0.00666666666666667,0.04,0.04,0,0,0.00666666666666667,0.04,0,126000
0.00666666666666667,0.00666666666666667,0.04,0.04,0,0,0.00666666666666667,0.04,0,126500
0.00666666666666667,0.00666666666666667,0.04,0.04,0,0,0.00666666666666667,0.04,0,127000
0.00666666666666667,0.00666666666666667,0.04,0.04,0,0,0.00666666666666667,0.04,0,127500
0.00666666666666667,0.00666666666666667,0.04,0.04,0,0,0.00666666666666667,0.04,0,128000
0.00666666666666667,0.00666666666666667,0.0333333333333333,0.04,0,0,0.00666666666666667,0.04,0,128500
0.00666666666666667,0.00666666666666667,0.0333333333333333,0.04,0,0,0.00666666666666667,0.04,0,129000
0.00666666666666667,0.00666666666666667,0.0333333333333333,0.04,0,0,0.00666666666666667,0.04,0,129500
0.00666666666666667,0.00666666666666667,0.0333333333333333,0.04,0,0,0.00666666666666667,0.04,0,130000
0.00666666666666667,0.00666666666666667,0.0333333333333333,0.04,0,0,0.00666666666666667,0.04,0,130500
0.00666666666666667,0.00666666666666667,0.0333333333333333,0.04,0,0,0.00666666666666667,0.04,0,131000
0.00666666666666667,0.00666666666666667,0.0333333333333333,0.04,0,0,0.00666666666666667,0.04,0,131500
0.00666666666666667,0.00666666666666667,0.0333333333333333,0.04,0,0,0.00666666666666667,0.04,0,132000
0.00666666666666667,0.00666666666666667,0.0333333333333333,0.04,0,0,0.00666666666666667,0.04,0,132500
0.00666666666666667,0.00666666666666667,0.0333333333333333,0.04,0,0,0.00666666666666667,0.04,0,133000
0.00666666666666667,0.00666666666666667,0.0333333333333333,0.04,0,0,0.00666666666666667,0.04,0,133500
0.00666666666666667,0.00666666666666667,0.0333333333333333,0.04,0,0,0.00666666666666667,0.04,0,134000
0.00666666666666667,0.00666666666666667,0.0333333333333333,0.04,0,0,0.00666666666666667,0.04,0,134500
0.00666666666666667,0.00666666666666667,0.0333333333333333,0.04,0,0,0.00666666666666667,0.04,0,135000
0.00666666666666667,0.00666666666666667,0.0333333333333333,0.04,0,0,0.00666666666666667,0.04,0,135500
0.00666666666666667,0.00666666666666667,0.0333333333333333,0.04,0,0,0.00666666666666667,0.04,0,136000
0.00666666666666667,0.00666666666666667,0.0333333333333333,0.04,0,0,0.00666666666666667,0.04,0,136500
0.00666666666666667,0.00666666666666667,0.0333333333333333,0.04,0,0,0.00666666666666667,0.04,0,137000
0.00666666666666667,0.00666666666666667,0.0333333333333333,0.04,0,0,0.00666666666666667,0.04,0,137500
0.00666666666666667,0.00666666666666667,0.0333333333333333,0.04,0,0,0.00666666666666667,0.04,0,138000
0.00666666666666667,0.00666666666666667,0.0333333333333333,0.04,0,0,0.00666666666666667,0.04,0,138500
0.00666666666666667,0.00666666666666667,0.0333333333333333,0.04,0,0,0.00666666666666667,0.04,0,139000
0.00666666666666667,0.00666666666666667,0.0333333333333333,0.04,0,0,0.00666666666666667,0.04,0,139500
0.00666666666666667,0.00666666666666667,0.0333333333333333,0.04,0,0,0.00666666666666667,0.04,0,140000
0.00666666666666667,0.00666666666666667,0.0333333333333333,0.04,0,0,0.00666666666666667,0.04,0,140500
0.00666666666666667,0.00666666666666667,0.0333333333333333,0.04,0,0,0.00666666666666667,0.04,0,141000
0.00666666666666667,0.00666666666666667,0.0266666666666667,0.04,0,0,0.00666666666666667,0.04,0,141500
0.00666666666666667,0.00666666666666667,0.0266666666666667,0.04,0,0,0.00666666666666667,0.04,0,142000
0.00666666666666667,0.00666666666666667,0.0266666666666667,0.04,0,0,0.00666666666666667,0.04,0,142500
0.00666666666666667,0.00666666666666667,0.0266666666666667,0.04,0,0,0.00666666666666667,0.04,0,143000
0.00666666666666667,0.00666666666666667,0.0266666666666667,0.0333333333333333,0,0,0.00666666666666667,0.04,0,143500
0.00666666666666667,0.00666666666666667,0.0266666666666667,0.0333333333333333,0,0,0.00666666666666667,0.04,0,144000
0.00666666666666667,0.00666666666666667,0.0266666666666667,0.0333333333333333,0,0,0.00666666666666667,0.04,0,144500
0.00666666666666667,0.00666666666666667,0.0266666666666667,0.0333333333333333,0,0,0.00666666666666667,0.04,0,145000
0.00666666666666667,0.00666666666666667,0.0266666666666667,0.0333333333333333,0,0,0.00666666666666667,0.04,0,145500
0.00666666666666667,0.00666666666666667,0.0266666666666667,0.0333333333333333,0,0,0.00666666666666667,0.04,0,146000
0.00666666666666667,0.00666666666666667,0.0266666666666667,0.0333333333333333,0,0,0.00666666666666667,0.04,0,146500
0.00666666666666667,0.00666666666666667,0.0266666666666667,0.0333333333333333,0,0,0.00666666666666667,0.04,0,147000
0.00666666666666667,0.00666666666666667,0.0266666666666667,0.0333333333333333,0,0,0.00666666666666667,0.04,0,147500
0.00666666666666667,0.00666666666666667,0.0266666666666667,0.0333333333333333,0,0,0.00666666666666667,0.04,0,148000
0.00666666666666667,0.00666666666666667,0.0266666666666667,0.0333333333333333,0,0,0.00666666666666667,0.04,0,148500
0.00666666666666667,0.00666666666666667,0.0266666666666667,0.0333333333333333,0,0,0.00666666666666667,0.04,0,149000
0.00666666666666667,0.00666666666666667,0.0266666666666667,0.0333333333333333,0,0,0.00666666666666667,0.04,0,149500
0.00666666666666667,0.00666666666666667,0.0266666666666667,0.0333333333333333,0,0,0.00666666666666667,0.04,0,150000
0.00666666666666667,0.00666666666666667,0.0266666666666667,0.0333333333333333,0,0,0.00666666666666667,0.04,0,150500
0.00666666666666667,0.00666666666666667,0.0266666666666667,0.0333333333333333,0,0,0.00666666666666667,0.04,0,151000
0.00666666666666667,0.00666666666666667,0.0266666666666667,0.0333333333333333,0,0,0.00666666666666667,0.04,0,151500
0.00666666666666667,0.00666666666666667,0.0266666666666667,0.0333333333333333,0,0,0.00666666666666667,0.04,0,152000
0.00666666666666667,0.00666666666666667,0.0266666666666667,0.0333333333333333,0,0,0.00666666666666667,0.04,0,152500
0.00666666666666667,0.00666666666666667,0.0266666666666667,0.0333333333333333,0,0,0.00666666666666667,0.04,0,153000
0.00666666666666667,0.00666666666666667,0.0266666666666667,0.0333333333333333,0,0,0.00666666666666667,0.04,0,153500
0,0.00666666666666667,0.0266666666666667,0.0333333333333333,0,0,0.00666666666666667,0.04,0,154000
0,0.00666666666666667,0.0266666666666667,0.0333333333333333,0,0,0.00666666666666667,0.04,0,154500
0,0.00666666666666667,0.0266666666666667,0.0333333333333333,0,0,0.00666666666666667,0.04,0,155000
0,0.00666666666666667,0.0266666666666667,0.0333333333333333,0,0,0.00666666666666667,0.04,0,155500
0,0.00666666666666667,0.0266666666666667,0.0333333333333333,0,0,0.00666666666666667,0.04,0,156000
0,0.00666666666666667,0.0266666666666667,0.0333333333333333,0,0,0.00666666666666667,0.04,0,156500
0,0.00666666666666667,0.0266666666666667,0.0333333333333333,0,0,0.00666666666666667,0.04,0,157000
0,0.00666666666666667,0.0266666666666667,0.0333333333333333,0,0,0.00666666666666667,0.04,0,157500
0,0.00666666666666667,0.0266666666666667,0.0333333333333333,0,0,0.00666666666666667,0.04,0,158000
0,0.00666666666666667,0.0266666666666667,0.0266666666666667,0,0,0.00666666666666667,0.04,0,158500
0,0.00666666666666667,0.0266666666666667,0.0266666666666667,0,0,0.00666666666666667,0.04,0,159000
0,0.00666666666666667,0.0266666666666667,0.0266666666666667,0,0,0.00666666666666667,0.0333333333333333,0,159500
0,0.00666666666666667,0.0266666666666667,0.0266666666666667,0,0,0.00666666666666667,0.0333333333333333,0,160000
0,0.00666666666666667,0.0266666666666667,0.0266666666666667,0,0,0.00666666666666667,0.0333333333333333,0,160500
0,0.00666666666666667,0.0266666666666667,0.0266666666666667,0,0,0.00666666666666667,0.0333333333333333,0,161000
0,0.00666666666666667,0.0266666666666667,0.0266666666666667,0,0,0.00666666666666667,0.0333333333333333,0,161500
0,0.00666666666666667,0.0266666666666667,0.0266666666666667,0,0,0.00666666666666667,0.0333333333333333,0,162000
0,0.00666666666666667,0.0266666666666667,0.0266666666666667,0,0,0.00666666666666667,0.0333333333333333,0,162500
0,0.00666666666666667,0.0266666666666667,0.0266666666666667,0,0,0.00666666666666667,0.0333333333333333,0,163000
0,0.00666666666666667,0.0266666666666667,0.0266666666666667,0,0,0.00666666666666667,0.0333333333333333,0,163500
0,0.00666666666666667,0.0266666666666667,0.0266666666666667,0,0,0.00666666666666667,0.0333333333333333,0,164000
0,0.00666666666666667,0.0266666666666667,0.0266666666666667,0,0,0.00666666666666667,0.0333333333333333,0,164500
0,0.00666666666666667,0.02,0.0266666666666667,0,0,0.00666666666666667,0.0333333333333333,0,165000
0,0.00666666666666667,0.02,0.0266666666666667,0,0,0.00666666666666667,0.0333333333333333,0,165500
0,0.00666666666666667,0.02,0.0266666666666667,0,0,0.00666666666666667,0.0333333333333333,0,166000
0,0.00666666666666667,0.02,0.0266666666666667,0,0,0.00666666666666667,0.0333333333333333,0,166500
0,0.00666666666666667,0.02,0.0266666666666667,0,0,0.00666666666666667,0.0333333333333333,0,167000
0,0.00666666666666667,0.02,0.0266666666666667,0,0,0.00666666666666667,0.0333333333333333,0,167500
0,0.00666666666666667,0.02,0.0266666666666667,0,0,0.00666666666666667,0.0333333333333333,0,168000
0,0.00666666666666667,0.02,0.0266666666666667,0,0,0.00666666666666667,0.0333333333333333,0,168500
0,0.00666666666666667,0.02,0.0266666666666667,0,0,0.00666666666666667,0.0333333333333333,0,169000
0,0.00666666666666667,0.02,0.0266666666666667,0,0,0.00666666666666667,0.0333333333333333,0,169500
0,0.00666666666666667,0.02,0.0266666666666667,0,0,0.00666666666666667,0.0333333333333333,0,170000
0,0,0.02,0.0266666666666667,0,0,0.00666666666666667,0.0333333333333333,0,170500
0,0,0.02,0.0266666666666667,0,0,0.00666666666666667,0.0333333333333333,0,171000
0,0,0.02,0.0266666666666667,0,0,0.00666666666666667,0.0333333333333333,0,171500
0,0,0.02,0.0266666666666667,0,0,0.00666666666666667,0.0333333333333333,0,172000
0,0,0.02,0.0266666666666667,0,0,0.00666666666666667,0.0333333333333333,0,172500
0,0,0.02,0.0266666666666667,0,0,0.00666666666666667,0.0333333333333333,0,173000
0,0,0.02,0.0266666666666667,0,0,0.00666666666666667,0.0333333333333333,0,173500
0,0,0.02,0.0266666666666667,0,0,0.00666666666666667,0.0333333333333333,0,174000
0,0,0.02,0.0266666666666667,0,0,0.00666666666666667,0.0333333333333333,0,174500
0,0,0.02,0.0266666666666667,0,0,0.00666666666666667,0.0333333333333333,0,175000
0,0,0.02,0.0266666666666667,0,0,0.00666666666666667,0.04,0,175500
0,0,0.02,0.0266666666666667,0,0,0.00666666666666667,0.04,0,176000
0,0,0.02,0.0266666666666667,0,0,0.00666666666666667,0.0333333333333333,0,176500
0,0,0.02,0.0266666666666667,0,0,0.00666666666666667,0.0333333333333333,0,177000
0,0,0.02,0.0266666666666667,0,0,0.00666666666666667,0.0333333333333333,0,177500
0,0,0.02,0.0266666666666667,0,0,0.00666666666666667,0.0333333333333333,0,178000
0,0,0.02,0.0266666666666667,0,0,0.00666666666666667,0.0333333333333333,0,178500
0,0,0.02,0.0266666666666667,0,0,0.00666666666666667,0.0333333333333333,0,179000
0,0,0.02,0.0266666666666667,0,0,0.00666666666666667,0.0333333333333333,0,179500
0,0,0.02,0.0266666666666667,0,0,0.00666666666666667,0.0333333333333333,0,180000
0,0,0.0133333333333333,0.0266666666666667,0,0,0.00666666666666667,0.0333333333333333,0,180500
0,0,0.0133333333333333,0.0266666666666667,0,0,0.00666666666666667,0.0333333333333333,0,181000
0,0,0.0133333333333333,0.0266666666666667,0,0,0.00666666666666667,0.0333333333333333,0,181500
0,0,0.0133333333333333,0.0266666666666667,0,0,0.00666666666666667,0.0333333333333333,0,182000
0,0,0.0133333333333333,0.0266666666666667,0,0,0.00666666666666667,0.0333333333333333,0,182500
0,0,0.0133333333333333,0.0266666666666667,0,0,0.00666666666666667,0.0333333333333333,0,183000
0,0,0.0133333333333333,0.0266666666666667,0,0,0,0.0333333333333333,0,183500
0,0,0.0133333333333333,0.02,0,0,0,0.0333333333333333,0,184000
0,0,0.0133333333333333,0.02,0,0,0,0.0333333333333333,0,184500
0,0,0.0133333333333333,0.02,0,0,0,0.0333333333333333,0,185000
0,0,0.0133333333333333,0.02,0,0,0,0.0333333333333333,0,185500
0,0,0.0133333333333333,0.02,0,0,0,0.0333333333333333,0,186000
0,0,0.0133333333333333,0.02,0,0,0,0.0333333333333333,0,186500
0,0,0.0133333333333333,0.02,0,0,0,0.0333333333333333,0,187000
0,0,0.0133333333333333,0.02,0,0,0,0.0333333333333333,0,187500
0,0,0.0133333333333333,0.02,0,0,0,0.0333333333333333,0,188000
0,0,0.0133333333333333,0.02,0,0,0,0.0333333333333333,0,188500
0,0,0.0133333333333333,0.02,0,0,0,0.0333333333333333,0,189000
0,0,0.0133333333333333,0.02,0,0,0,0.0333333333333333,0,189500
0,0,0.0133333333333333,0.02,0,0,0,0.0333333333333333,0,190000
0,0,0.0133333333333333,0.02,0,0,0,0.0333333333333333,0,190500
0,0,0.0133333333333333,0.02,0,0,0,0.0333333333333333,0,191000
0,0,0.0133333333333333,0.02,0,0,0,0.0333333333333333,0,191500
0,0,0.0133333333333333,0.02,0,0,0,0.0333333333333333,0,192000
0,0,0.0133333333333333,0.02,0,0,0,0.0333333333333333,0,192500
0,0,0.0133333333333333,0.02,0,0,0,0.0333333333333333,0,193000
0,0,0.0133333333333333,0.02,0,0,0,0.0333333333333333,0,193500
0,0,0.0133333333333333,0.02,0,0,0,0.0333333333333333,0,194000
0,0,0.0133333333333333,0.02,0,0,0,0.0333333333333333,0,194500
0,0,0.0133333333333333,0.02,0,0,0,0.0333333333333333,0,195000
0,0,0.0133333333333333,0.02,0,0,0,0.0333333333333333,0,195500
0,0,0.0133333333333333,0.02,0,0,0,0.0333333333333333,0,196000
0,0,0.0133333333333333,0.02,0,0,0,0.0333333333333333,0,196500
0,0,0.0133333333333333,0.02,0,0,0,0.0333333333333333,0,197000
0,0,0.0133333333333333,0.02,0,0,0,0.0333333333333333,0,197500
0,0,0.0133333333333333,0.02,0,0,0,0.0333333333333333,0,198000
0,0,0.0133333333333333,0.02,0,0,0,0.0333333333333333,0,198500
0,0,0.0133333333333333,0.02,0,0,0,0.0333333333333333,0,199000
0,0,0.0133333333333333,0.02,0,0,0,0.0333333333333333,0,199500
0,0,0.0133333333333333,0.02,0,0,0,0.0333333333333333,0,200000
0,0,0.0133333333333333,0.02,0,0,0,0.0333333333333333,0,200500
0,0,0.0133333333333333,0.0133333333333333,0,0,0,0.0333333333333333,0,201000
0,0,0.0133333333333333,0.0133333333333333,0,0,0,0.0333333333333333,0,201500
0,0,0.0133333333333333,0.0133333333333333,0,0,0,0.0333333333333333,0,202000
0,0,0.0133333333333333,0.0133333333333333,0,0,0,0.0333333333333333,0,202500
0,0,0.0133333333333333,0.0133333333333333,0,0,0,0.0333333333333333,0,203000
0,0,0.0133333333333333,0.0133333333333333,0,0,0,0.0266666666666667,0,203500
0,0,0.0133333333333333,0.0133333333333333,0,0,0,0.0266666666666667,0,204000
0,0,0.0133333333333333,0.0133333333333333,0,0,0,0.0266666666666667,0,204500
0,0,0.0133333333333333,0.0133333333333333,0,0,0,0.0266666666666667,0,205000
0,0,0.0133333333333333,0.0133333333333333,0,0,0,0.0266666666666667,0,205500
0,0,0.0133333333333333,0.0133333333333333,0,0,0,0.0266666666666667,0,206000
0,0,0.0133333333333333,0.0133333333333333,0,0,0,0.0266666666666667,0,206500
0,0,0.0133333333333333,0.0133333333333333,0,0,0,0.0266666666666667,0,207000
0,0,0.0133333333333333,0.0133333333333333,0,0,0,0.0266666666666667,0,207500
0,0,0.0133333333333333,0.0133333333333333,0,0,0,0.0266666666666667,0,208000
0,0,0.0133333333333333,0.0133333333333333,0,0,0,0.0266666666666667,0,208500
0,0,0.0133333333333333,0.0133333333333333,0,0,0,0.0266666666666667,0,209000
0,0,0.0133333333333333,0.0133333333333333,0,0,0,0.0266666666666667,0,209500
0,0,0.0133333333333333,0.0133333333333333,0,0,0,0.0266666666666667,0,210000
0,0,0.0133333333333333,0.0133333333333333,0,0,0,0.0266666666666667,0,210500
0,0,0.0133333333333333,0.0133333333333333,0,0,0,0.0266666666666667,0,211000
0,0,0.0133333333333333,0.0133333333333333,0,0,0,0.0266666666666667,0,211500
0,0,0.0133333333333333,0.0133333333333333,0,0,0,0.0266666666666667,0,212000
0,0,0.0133333333333333,0.0133333333333333,0,0,0,0.0266666666666667,0,212500
0,0,0.0133333333333333,0.0133333333333333,0,0,0,0.0266666666666667,0,213000
0,0,0.0133333333333333,0.0133333333333333,0,0,0,0.0266666666666667,0,213500
0,0,0.0133333333333333,0.0133333333333333,0,0,0,0.0266666666666667,0,214000
0,0,0.0133333333333333,0.0133333333333333,0,0,0,0.0266666666666667,0,214500
0,0,0.0133333333333333,0.0133333333333333,0,0,0,0.0266666666666667,0,215000
0,0,0.0133333333333333,0.0133333333333333,0,0,0,0.0266666666666667,0,215500
0,0,0.0133333333333333,0.0133333333333333,0,0,0,0.0266666666666667,0,216000
0,0,0.0133333333333333,0.02,0,0,0,0.0266666666666667,0,216500
0,0,0.0133333333333333,0.02,0,0,0,0.0266666666666667,0,217000
0,0,0.0133333333333333,0.02,0,0,0,0.0266666666666667,0,217500
0,0,0.0133333333333333,0.02,0,0,0,0.0266666666666667,0,218000
0,0,0.0133333333333333,0.02,0,0,0,0.0266666666666667,0,218500
0,0,0.0133333333333333,0.02,0,0,0,0.0266666666666667,0,219000
0,0,0.0133333333333333,0.02,0,0,0,0.0266666666666667,0,219500
0,0,0.0133333333333333,0.02,0,0,0,0.0266666666666667,0,220000
0,0,0.0133333333333333,0.02,0,0,0,0.0266666666666667,0,220500
0,0,0.0133333333333333,0.02,0,0,0,0.0266666666666667,0,221000
0,0,0.0133333333333333,0.02,0,0,0,0.0266666666666667,0,221500
0,0,0.0133333333333333,0.02,0,0,0,0.02,0,222000
0,0,0.0133333333333333,0.02,0,0,0,0.02,0,222500
0,0,0.0133333333333333,0.02,0,0,0,0.02,0,223000
0,0,0.0133333333333333,0.02,0,0,0,0.02,0,223500
0,0,0.0133333333333333,0.02,0,0,0,0.02,0,224000
0,0,0.0133333333333333,0.02,0,0,0,0.02,0,224500
0,0,0.0133333333333333,0.02,0,0,0,0.02,0,225000
0,0,0.0133333333333333,0.02,0,0,0,0.02,0,225500
0,0,0.0133333333333333,0.02,0,0,0,0.02,0,226000
0,0,0.0133333333333333,0.02,0,0,0,0.02,0,226500
0,0,0.0133333333333333,0.02,0,0,0,0.02,0,227000
0,0,0.0133333333333333,0.02,0,0,0,0.02,0,227500
0,0,0.0133333333333333,0.02,0,0,0,0.02,0,228000
0,0,0.0133333333333333,0.02,0,0,0,0.02,0,228500
0,0,0.0133333333333333,0.02,0,0,0,0.02,0,229000
0,0,0.0133333333333333,0.02,0,0,0,0.02,0,229500
0,0,0.0133333333333333,0.02,0,0,0,0.02,0,230000
0,0,0.0133333333333333,0.02,0,0,0,0.02,0,230500
0,0,0.0133333333333333,0.02,0,0,0,0.02,0,231000
0,0,0.0133333333333333,0.02,0,0,0,0.02,0,231500
0,0,0.0133333333333333,0.02,0,0,0,0.02,0,232000
0,0,0.0133333333333333,0.02,0,0,0,0.02,0,232500
0,0,0.0133333333333333,0.02,0,0,0,0.02,0,233000
0,0,0.0133333333333333,0.02,0,0,0,0.02,0,233500
0,0,0.0133333333333333,0.02,0,0,0,0.02,0,234000
0,0,0.0133333333333333,0.02,0,0,0,0.02,0,234500
0,0,0.0133333333333333,0.02,0,0,0,0.02,0,235000
0,0,0.0133333333333333,0.02,0,0,0,0.02,0,235500
0,0,0.0133333333333333,0.02,0,0,0,0.02,0,236000
0,0,0.0133333333333333,0.02,0,0,0,0.02,0,236500
0,0,0.0133333333333333,0.02,0,0,0,0.02,0,237000
0,0,0.0133333333333333,0.02,0,0,0,0.02,0,237500
0,0,0.0133333333333333,0.02,0,0,0,0.02,0,238000
0,0,0.0133333333333333,0.02,0,0,0,0.02,0,238500
0,0,0.0133333333333333,0.02,0,0,0,0.02,0,239000
0,0,0.0133333333333333,0.02,0,0,0,0.02,0,239500
0,0,0.0133333333333333,0.02,0,0,0,0.02,0,240000
0,0,0.0133333333333333,0.02,0,0,0,0.02,0,240500
0,0,0.0133333333333333,0.02,0,0,0,0.02,0,241000
0,0,0.0133333333333333,0.02,0,0,0,0.02,0,241500
0,0,0.0133333333333333,0.02,0,0,0,0.02,0,242000
0,0,0.0133333333333333,0.02,0,0,0,0.02,0,242500
0,0,0.0133333333333333,0.02,0,0,0,0.02,0,243000
0,0,0.0133333333333333,0.02,0,0,0,0.02,0,243500
0,0,0.0133333333333333,0.02,0,0,0,0.02,0,244000
0,0,0.0133333333333333,0.02,0,0,0,0.02,0,244500
0,0,0.0133333333333333,0.02,0,0,0,0.02,0,245000
0,0,0.0133333333333333,0.02,0,0,0,0.02,0,245500
0,0,0.0133333333333333,0.02,0,0,0,0.02,0,246000
0,0,0.0133333333333333,0.02,0,0,0,0.02,0,246500
0,0,0.0133333333333333,0.02,0,0,0,0.02,0,247000
0,0,0.0133333333333333,0.02,0,0,0,0.02,0,247500
0,0,0.0133333333333333,0.02,0,0,0,0.02,0,248000
0,0,0.0133333333333333,0.02,0,0,0,0.02,0,248500
0,0,0.0133333333333333,0.02,0,0,0,0.02,0,249000
0,0,0.0133333333333333,0.02,0,0,0,0.02,0,249500
0,0,0.0133333333333333,0.02,0,0,0,0.02,0,250000
0,0,0.0133333333333333,0.02,0,0,0,0.02,0,250500
0,0,0.0133333333333333,0.02,0,0,0,0.02,0,251000
0,0,0.0133333333333333,0.02,0,0,0,0.02,0,251500
0,0,0.0133333333333333,0.02,0,0,0,0.02,0,252000
0,0,0.0133333333333333,0.02,0,0,0,0.02,0,252500
0,0,0.0133333333333333,0.02,0,0,0,0.02,0,253000
0,0,0.0133333333333333,0.02,0,0,0,0.02,0,253500
0,0,0.0133333333333333,0.02,0,0,0,0.02,0,254000
0,0,0.0133333333333333,0.02,0,0,0,0.02,0,254500
0,0,0.0133333333333333,0.02,0,0,0,0.02,0,255000
0,0,0.0133333333333333,0.02,0,0,0,0.02,0,255500
0,0,0.0133333333333333,0.02,0,0,0,0.02,0,256000
0,0,0.0133333333333333,0.02,0,0,0,0.02,0,256500
0,0,0.0133333333333333,0.02,0,0,0,0.02,0,257000
0,0,0.0133333333333333,0.02,0,0,0,0.02,0,257500
0,0,0.0133333333333333,0.02,0,0,0,0.02,0,258000
0,0,0.0133333333333333,0.02,0,0,0,0.02,0,258500
0,0,0.0133333333333333,0.02,0,0,0,0.02,0,259000
0,0,0.0133333333333333,0.02,0,0,0,0.02,0,259500
0,0,0.0133333333333333,0.02,0,0,0,0.02,0,260000
0,0,0.0133333333333333,0.02,0,0,0,0.02,0,260500
0,0,0.0133333333333333,0.02,0,0,0,0.02,0,261000
0,0,0.0133333333333333,0.02,0,0,0,0.02,0,261500
0,0,0.0133333333333333,0.02,0,0,0,0.02,0,262000
0,0,0.0133333333333333,0.02,0,0,0,0.02,0,262500
0,0,0.0133333333333333,0.02,0,0,0,0.02,0,263000
0,0,0.0133333333333333,0.02,0,0,0,0.02,0,263500
0,0,0.0133333333333333,0.02,0,0,0,0.02,0,264000
0,0,0.0133333333333333,0.02,0,0,0,0.02,0,264500
0,0,0.0133333333333333,0.02,0,0,0,0.02,0,265000
0,0,0.0133333333333333,0.02,0,0,0,0.02,0,265500
0,0,0.0133333333333333,0.02,0,0,0,0.02,0,266000
0,0,0.0133333333333333,0.02,0,0,0,0.02,0,266500
0,0,0.00666666666666667,0.02,0,0,0,0.02,0,267000
0,0,0.00666666666666667,0.02,0,0,0,0.02,0,267500
0,0,0.0133333333333333,0.02,0,0,0,0.02,0,268000
0,0,0.0133333333333333,0.02,0,0,0,0.02,0,268500
0,0,0.0133333333333333,0.02,0,0,0,0.02,0,269000
0,0,0.0133333333333333,0.02,0,0,0,0.02,0,269500
0,0,0.0133333333333333,0.02,0,0,0,0.02,0,270000
0,0,0.0133333333333333,0.02,0,0,0,0.02,0,270500
0,0,0.0133333333333333,0.02,0,0,0,0.02,0,271000
0,0,0.0133333333333333,0.02,0,0,0,0.02,0,271500
0,0,0.0133333333333333,0.02,0,0,0,0.02,0,272000
0,0,0.0133333333333333,0.02,0,0,0,0.02,0,272500
0,0,0.0133333333333333,0.02,0,0,0,0.02,0,273000
0,0,0.0133333333333333,0.02,0,0,0,0.02,0,273500
0,0,0.0133333333333333,0.02,0,0,0,0.02,0,274000
0,0,0.0133333333333333,0.02,0,0,0,0.02,0,274500
0,0,0.0133333333333333,0.02,0,0,0,0.02,0,275000
0,0,0.0133333333333333,0.02,0,0,0,0.02,0,275500
0,0,0.0133333333333333,0.02,0,0,0,0.02,0,276000
0,0,0.0133333333333333,0.02,0,0,0,0.02,0,276500
0,0,0.0133333333333333,0.02,0,0,0,0.02,0,277000
0,0,0.0133333333333333,0.02,0,0,0,0.02,0,277500
0,0,0.0133333333333333,0.02,0,0,0,0.02,0,278000
0,0,0.0133333333333333,0.02,0,0,0,0.02,0,278500
0,0,0.0133333333333333,0.02,0,0,0,0.02,0,279000
0,0,0.0133333333333333,0.02,0,0,0,0.02,0,279500
0,0,0.0133333333333333,0.02,0,0,0,0.02,0,280000
0,0,0.0133333333333333,0.02,0,0,0,0.02,0,280500
0,0,0.0133333333333333,0.02,0,0,0,0.02,0,281000
0,0,0.0133333333333333,0.02,0,0,0,0.02,0,281500
0,0,0.0133333333333333,0.02,0,0,0,0.02,0,282000
0,0,0.0133333333333333,0.02,0,0,0,0.02,0,282500
0,0,0.0133333333333333,0.02,0,0,0,0.02,0,283000
0,0,0.0133333333333333,0.02,0,0,0,0.02,0,283500
0,0,0.0133333333333333,0.02,0,0,0,0.02,0,284000
0,0,0.0133333333333333,0.02,0,0,0,0.02,0,284500
0,0,0.0133333333333333,0.02,0,0,0,0.02,0,285000
0,0,0.0133333333333333,0.02,0,0,0,0.02,0,285500
0,0,0.0133333333333333,0.02,0,0,0,0.02,0,286000
0,0,0.0133333333333333,0.02,0,0,0,0.02,0,286500
0,0,0.0133333333333333,0.02,0,0,0,0.02,0,287000
0,0,0.0133333333333333,0.02,0,0,0,0.02,0,287500
0,0,0.0133333333333333,0.02,0,0,0,0.02,0,288000
0,0,0.0133333333333333,0.02,0,0,0,0.02,0,288500
0,0,0.0133333333333333,0.02,0,0,0,0.02,0,289000
0,0,0.0133333333333333,0.02,0,0,0,0.02,0,289500
0,0,0.0133333333333333,0.02,0,0,0,0.02,0,290000
0,0,0.0133333333333333,0.02,0,0,0,0.02,0,290500
0,0,0.0133333333333333,0.02,0,0,0,0.02,0,291000
0,0,0.0133333333333333,0.02,0,0,0,0.02,0,291500
0,0,0.0133333333333333,0.02,0,0,0,0.02,0,292000
0,0,0.0133333333333333,0.02,0,0,0,0.02,0,292500
0,0,0.0133333333333333,0.02,0,0,0,0.02,0,293000
0,0,0.0133333333333333,0.02,0,0,0,0.02,0,293500
0,0,0.0133333333333333,0.02,0,0,0,0.02,0,294000
0,0,0.0133333333333333,0.02,0,0,0,0.02,0,294500
0,0,0.0133333333333333,0.02,0,0,0,0.02,0,295000
0,0,0.0133333333333333,0.02,0,0,0,0.02,0,295500
0,0,0.0133333333333333,0.02,0,0,0,0.02,0,296000
0,0,0.0133333333333333,0.02,0,0,0,0.02,0,296500
0,0,0.0133333333333333,0.02,0,0,0,0.02,0,297000
0,0,0.0133333333333333,0.02,0,0,0,0.02,0,297500
0,0,0.0133333333333333,0.02,0,0,0,0.02,0,298000
0,0,0.0133333333333333,0.02,0,0,0,0.02,0,298500
0,0,0.0133333333333333,0.02,0,0,0,0.02,0,299000
0,0,0.0133333333333333,0.0133333333333333,0,0,0,0.02,0,299500
0,0,0.0133333333333333,0.0133333333333333,0,0,0,0.02,0,300000
0,0,0.0133333333333333,0.0133333333333333,0,0,0,0.02,0,300500
0,0,0.0133333333333333,0.0133333333333333,0,0,0,0.02,0,301000
0,0,0.0133333333333333,0.0133333333333333,0,0,0,0.02,0,301500
0,0,0.0133333333333333,0.0133333333333333,0,0,0,0.02,0,302000
0,0,0.0133333333333333,0.0133333333333333,0,0,0,0.02,0,302500
0,0,0.0133333333333333,0.0133333333333333,0,0,0,0.02,0,303000
0,0,0.0133333333333333,0.0133333333333333,0,0,0,0.02,0,303500
0,0,0.0133333333333333,0.0133333333333333,0,0,0,0.02,0,304000
0,0,0.0133333333333333,0.0133333333333333,0,0,0,0.02,0,304500
0,0,0.0133333333333333,0.0133333333333333,0,0,0,0.02,0,305000
0,0,0.0133333333333333,0.0133333333333333,0,0,0,0.02,0,305500
0,0,0.0133333333333333,0.0133333333333333,0,0,0,0.02,0,306000
0,0,0.0133333333333333,0.0133333333333333,0,0,0,0.02,0,306500
0,0,0.0133333333333333,0.0133333333333333,0,0,0,0.02,0,307000
0,0,0.0133333333333333,0.0133333333333333,0,0,0,0.02,0,307500
0,0,0.0133333333333333,0.0133333333333333,0,0,0,0.02,0,308000
0,0,0.0133333333333333,0.0133333333333333,0,0,0,0.02,0,308500
0,0,0.0133333333333333,0.0133333333333333,0,0,0,0.02,0,309000
0,0,0.0133333333333333,0.0133333333333333,0,0,0,0.02,0,309500
0,0,0.0133333333333333,0.0133333333333333,0,0,0,0.02,0,310000
0,0,0.0133333333333333,0.0133333333333333,0,0,0,0.02,0,310500
0,0,0.0133333333333333,0.0133333333333333,0,0,0,0.02,0,311000
0,0,0.0133333333333333,0.0133333333333333,0,0,0,0.02,0,311500
0,0,0.0133333333333333,0.0133333333333333,0,0,0,0.02,0,312000
0,0,0.0133333333333333,0.0133333333333333,0,0,0,0.02,0,312500
0,0,0.0133333333333333,0.0133333333333333,0,0,0,0.02,0,313000
0,0,0.0133333333333333,0.0133333333333333,0,0,0,0.02,0,313500
0,0,0.0133333333333333,0.0133333333333333,0,0,0,0.02,0,314000
0,0,0.0133333333333333,0.0133333333333333,0,0,0,0.02,0,314500
0,0,0.0133333333333333,0.0133333333333333,0,0,0,0.02,0,315000
0,0,0.0133333333333333,0.0133333333333333,0,0,0,0.02,0,315500
0,0,0.0133333333333333,0.0133333333333333,0,0,0,0.02,0,316000
0,0,0.0133333333333333,0.0133333333333333,0,0,0,0.02,0,316500
0,0,0.0133333333333333,0.0133333333333333,0,0,0,0.02,0,317000
0,0,0.0133333333333333,0.0133333333333333,0,0,0,0.02,0,317500
0,0,0.0133333333333333,0.0133333333333333,0,0,0,0.02,0,318000
0,0,0.0133333333333333,0.0133333333333333,0,0,0,0.02,0,318500
0,0,0.0133333333333333,0.0133333333333333,0,0,0,0.02,0,319000
0,0,0.0133333333333333,0.0133333333333333,0,0,0,0.02,0,319500
0,0,0.0133333333333333,0.0133333333333333,0,0,0,0.02,0,320000
0,0,0.0133333333333333,0.0133333333333333,0,0,0,0.02,0,320500
0,0,0.0133333333333333,0.0133333333333333,0,0,0,0.02,0,321000
0,0,0.0133333333333333,0.0133333333333333,0,0,0,0.02,0,321500
0,0,0.0133333333333333,0.0133333333333333,0,0,0,0.02,0,322000
0,0,0.0133333333333333,0.0133333333333333,0,0,0,0.02,0,322500
0,0,0.0133333333333333,0.0133333333333333,0,0,0,0.02,0,323000
0,0,0.0133333333333333,0.0133333333333333,0,0,0,0.02,0,323500
0,0,0.0133333333333333,0.0133333333333333,0,0,0,0.02,0,324000
0,0,0.0133333333333333,0.0133333333333333,0,0,0,0.02,0,324500
0,0,0.0133333333333333,0.0133333333333333,0,0,0,0.02,0,325000
0,0,0.0133333333333333,0.0133333333333333,0,0,0,0.02,0,325500
0,0,0.0133333333333333,0.0133333333333333,0,0,0,0.02,0,326000
0,0,0.0133333333333333,0.0133333333333333,0,0,0,0.02,0,326500
0,0,0.0133333333333333,0.0133333333333333,0,0,0,0.02,0,327000
0,0,0.0133333333333333,0.0133333333333333,0,0,0,0.02,0,327500
0,0,0.0133333333333333,0.0133333333333333,0,0,0,0.02,0,328000
0,0,0.0133333333333333,0.0133333333333333,0,0,0,0.02,0,328500
0,0,0.0133333333333333,0.0133333333333333,0,0,0,0.02,0,329000
0,0,0.0133333333333333,0.0133333333333333,0,0,0,0.02,0,329500
0,0,0.0133333333333333,0.0133333333333333,0,0,0,0.02,0,330000
0,0,0.0133333333333333,0.0133333333333333,0,0,0,0.02,0,330500
0,0,0.0133333333333333,0.0133333333333333,0,0,0,0.02,0,331000
0,0,0.0133333333333333,0.0133333333333333,0,0,0,0.02,0,331500
0,0,0.0133333333333333,0.0133333333333333,0,0,0,0.02,0,332000
0,0,0.0133333333333333,0.0133333333333333,0,0,0,0.02,0,332500
0,0,0.0133333333333333,0.0133333333333333,0,0,0,0.0133333333333333,0,333000
0,0,0.0133333333333333,0.0133333333333333,0,0,0,0.0133333333333333,0,333500
0,0,0.0133333333333333,0.0133333333333333,0,0,0,0.0133333333333333,0,334000
0,0,0.0133333333333333,0.0133333333333333,0,0,0,0.0133333333333333,0,334500
0,0,0.0133333333333333,0.0133333333333333,0,0,0,0.0133333333333333,0,335000
0,0,0.0133333333333333,0.0133333333333333,0,0,0,0.0133333333333333,0,335500
0,0,0.0133333333333333,0.0133333333333333,0,0,0,0.0133333333333333,0,336000
0,0,0.0133333333333333,0.0133333333333333,0,0,0,0.0133333333333333,0,336500
0,0,0.0133333333333333,0.0133333333333333,0,0,0,0.0133333333333333,0,337000
0,0,0.0133333333333333,0.0133333333333333,0,0,0,0.0133333333333333,0,337500
0,0,0.0133333333333333,0.0133333333333333,0,0,0,0.0133333333333333,0,338000
0,0,0.0133333333333333,0.0133333333333333,0,0,0,0.0133333333333333,0,338500
0,0,0.0133333333333333,0.0133333333333333,0,0,0,0.0133333333333333,0,339000
0,0,0.0133333333333333,0.0133333333333333,0,0,0,0.0133333333333333,0,339500
0,0,0.0133333333333333,0.0133333333333333,0,0,0,0.0133333333333333,0,340000
0,0,0.0133333333333333,0.0133333333333333,0,0,0,0.0133333333333333,0,340500
0,0,0.0133333333333333,0.0133333333333333,0,0,0,0.0133333333333333,0,341000
0,0,0.0133333333333333,0.0133333333333333,0,0,0,0.0133333333333333,0,341500
0,0,0.0133333333333333,0.0133333333333333,0,0,0,0.0133333333333333,0,342000
0,0,0.0133333333333333,0.0133333333333333,0,0,0,0.0133333333333333,0,342500
0,0,0.0133333333333333,0.0133333333333333,0,0,0,0.0133333333333333,0,343000
0,0,0.0133333333333333,0.0133333333333333,0,0,0,0.0133333333333333,0,343500
0,0,0.0133333333333333,0.0133333333333333,0,0,0,0.0133333333333333,0,344000
0,0,0.0133333333333333,0.0133333333333333,0,0,0,0.0133333333333333,0,344500
0,0,0.0133333333333333,0.0133333333333333,0,0,0,0.0133333333333333,0,345000
0,0,0.0133333333333333,0.0133333333333333,0,0,0,0.0133333333333333,0,345500
0,0,0.0133333333333333,0.0133333333333333,0,0,0,0.0133333333333333,0,346000
0,0,0.0133333333333333,0.0133333333333333,0,0,0,0.0133333333333333,0,346500
0,0,0.0133333333333333,0.0133333333333333,0,0,0,0.0133333333333333,0,347000
0,0,0.0133333333333333,0.0133333333333333,0,0,0,0.0133333333333333,0,347500
0,0,0.0133333333333333,0.0133333333333333,0,0,0,0.0133333333333333,0,348000
0,0,0.0133333333333333,0.0133333333333333,0,0,0,0.0133333333333333,0,348500
0,0,0.0133333333333333,0.0133333333333333,0,0,0,0.0133333333333333,0,349000
0,0,0.0133333333333333,0.0133333333333333,0,0,0,0.0133333333333333,0,349500
0,0,0.0133333333333333,0.0133333333333333,0,0,0,0.0133333333333333,0,350000
0,0,0.0133333333333333,0.0133333333333333,0,0,0,0.0133333333333333,0,350500
0,0,0.0133333333333333,0.0133333333333333,0,0,0,0.0133333333333333,0,351000
0,0,0.0133333333333333,0.0133333333333333,0,0,0,0.0133333333333333,0,351500
0,0,0.0133333333333333,0.0133333333333333,0,0,0,0.0133333333333333,0,352000
0,0,0.0133333333333333,0.0133333333333333,0,0,0,0.0133333333333333,0,352500
0,0,0.0133333333333333,0.0133333333333333,0,0,0,0.0133333333333333,0,353000
0,0,0.0133333333333333,0.0133333333333333,0,0,0,0.0133333333333333,0,353500
0,0,0.0133333333333333,0.0133333333333333,0,0,0,0.0133333333333333,0,354000
0,0,0.0133333333333333,0.0133333333333333,0,0,0,0.0133333333333333,0,354500
0,0,0.0133333333333333,0.0133333333333333,0,0,0,0.0133333333333333,0,355000
0,0,0.0133333333333333,0.0133333333333333,0,0,0,0.0133333333333333,0,355500
0,0,0.0133333333333333,0.0133333333333333,0,0,0,0.0133333333333333,0,356000
0,0,0.0133333333333333,0.0133333333333333,0,0,0,0.0133333333333333,0,356500
0,0,0.0133333333333333,0.0133333333333333,0,0,0,0.0133333333333333,0,357000
0,0,0.0133333333333333,0.0133333333333333,0,0,0,0.0133333333333333,0,357500
0,0,0.0133333333333333,0.0133333333333333,0,0,0,0.0133333333333333,0,358000
0,0,0.0133333333333333,0.0133333333333333,0,0,0,0.0133333333333333,0,358500
0,0,0.0133333333333333,0.0133333333333333,0,0,0,0.0133333333333333,0,359000
0,0,0.0133333333333333,0.0133333333333333,0,0,0,0.0133333333333333,0,359500
0,0,0.0133333333333333,0.0133333333333333,0,0,0,0.0133333333333333,0,360000
0,0,0.0133333333333333,0.0133333333333333,0,0,0,0.0133333333333333,0,360500
0,0,0.0133333333333333,0.0133333333333333,0,0,0,0.0133333333333333,0,361000
0,0,0.0133333333333333,0.0133333333333333,0,0,0,0.0133333333333333,0,361500
0,0,0.0133333333333333,0.0133333333333333,0,0,0,0.0133333333333333,0,362000
0,0,0.0133333333333333,0.0133333333333333,0,0,0,0.0133333333333333,0,362500
0,0,0.0133333333333333,0.0133333333333333,0,0,0,0.0133333333333333,0,363000
0,0,0.0133333333333333,0.0133333333333333,0,0,0,0.0133333333333333,0,363500
0,0,0.0133333333333333,0.0133333333333333,0,0,0,0.0133333333333333,0,364000
0,0,0.0133333333333333,0.0133333333333333,0,0,0,0.0133333333333333,0,364500
0,0,0.0133333333333333,0.0133333333333333,0,0,0,0.0133333333333333,0,365000
0,0,0.0133333333333333,0.0133333333333333,0,0,0,0.0133333333333333,0,365500
0,0,0.0133333333333333,0.0133333333333333,0,0,0,0.0133333333333333,0,366000
0,0,0.0133333333333333,0.0133333333333333,0,0,0,0.0133333333333333,0,366500
0,0,0.0133333333333333,0.0133333333333333,0,0,0,0.0133333333333333,0,367000
0,0,0.0133333333333333,0.0133333333333333,0,0,0,0.0133333333333333,0,367500
0,0,0.0133333333333333,0.0133333333333333,0,0,0,0.0133333333333333,0,368000
0,0,0.0133333333333333,0.0133333333333333,0,0,0,0.0133333333333333,0,368500
0,0,0.0133333333333333,0.0133333333333333,0,0,0,0.0133333333333333,0,369000
0,0,0.0133333333333333,0.0133333333333333,0,0,0,0.0133333333333333,0,369500
0,0,0.0133333333333333,0.0133333333333333,0,0,0,0.0133333333333333,0,370000
0,0,0.0133333333333333,0.0133333333333333,0,0,0,0.0133333333333333,0,370500
0,0,0.0133333333333333,0.0133333333333333,0,0,0,0.0133333333333333,0,371000
0,0,0.0133333333333333,0.0133333333333333,0,0,0,0.0133333333333333,0,371500
0,0,0.0133333333333333,0.0133333333333333,0,0,0,0.0133333333333333,0,372000
0,0,0.0133333333333333,0.0133333333333333,0,0,0,0.0133333333333333,0,372500
0,0,0.0133333333333333,0.0133333333333333,0,0,0,0.0133333333333333,0,373000
0,0,0.0133333333333333,0.0133333333333333,0,0,0,0.0133333333333333,0,373500
0,0,0.0133333333333333,0.0133333333333333,0,0,0,0.0133333333333333,0,374000
0,0,0.0133333333333333,0.0133333333333333,0,0,0,0.0133333333333333,0,374500
0,0,0.0133333333333333,0.0133333333333333,0,0,0,0.0133333333333333,0,375000
0,0,0.0133333333333333,0.0133333333333333,0,0,0,0.0133333333333333,0,375500
0,0,0.0133333333333333,0.0133333333333333,0,0,0,0.0133333333333333,0,376000
0,0,0.0133333333333333,0.0133333333333333,0,0,0,0.0133333333333333,0,376500
0,0,0.0133333333333333,0.0133333333333333,0,0,0,0.0133333333333333,0,377000
0,0,0.0133333333333333,0.0133333333333333,0,0,0,0.0133333333333333,0,377500
0,0,0.0133333333333333,0.0133333333333333,0,0,0,0.0133333333333333,0,378000
0,0,0.0133333333333333,0.0133333333333333,0,0,0,0.0133333333333333,0,378500
0,0,0.0133333333333333,0.0133333333333333,0,0,0,0.0133333333333333,0,379000
0,0,0.0133333333333333,0.0133333333333333,0,0,0,0.0133333333333333,0,379500
0,0,0.0133333333333333,0.0133333333333333,0,0,0,0.0133333333333333,0,380000
0,0,0.0133333333333333,0.0133333333333333,0,0,0,0.0133333333333333,0,380500
0,0,0.0133333333333333,0.0133333333333333,0,0,0,0.0133333333333333,0,381000
0,0,0.0133333333333333,0.0133333333333333,0,0,0,0.0133333333333333,0,381500
0,0,0.0133333333333333,0.0133333333333333,0,0,0,0.0133333333333333,0,382000
0,0,0.0133333333333333,0.0133333333333333,0,0,0,0.0133333333333333,0,382500
0,0,0.0133333333333333,0.0133333333333333,0,0,0,0.0133333333333333,0,383000
0,0,0.0133333333333333,0.0133333333333333,0,0,0,0.0133333333333333,0,383500
0,0,0.0133333333333333,0.0133333333333333,0,0,0,0.0133333333333333,0,384000
0,0,0.0133333333333333,0.0133333333333333,0,0,0,0.0133333333333333,0,384500
0,0,0.0133333333333333,0.0133333333333333,0,0,0,0.0133333333333333,0,385000
0,0,0.0133333333333333,0.0133333333333333,0,0,0,0.0133333333333333,0,385500
0,0,0.0133333333333333,0.0133333333333333,0,0,0,0.0133333333333333,0,386000
0,0,0.0133333333333333,0.0133333333333333,0,0,0,0.0133333333333333,0,386500
0,0,0.0133333333333333,0.0133333333333333,0,0,0,0.0133333333333333,0,387000
0,0,0.0133333333333333,0.0133333333333333,0,0,0,0.0133333333333333,0,387500
0,0,0.0133333333333333,0.0133333333333333,0,0,0,0.0133333333333333,0,388000
0,0,0.0133333333333333,0.0133333333333333,0,0,0,0.0133333333333333,0,388500
0,0,0.0133333333333333,0.0133333333333333,0,0,0,0.0133333333333333,0,389000
0,0,0.0133333333333333,0.0133333333333333,0,0,0,0.0133333333333333,0,389500
0,0,0.0133333333333333,0.0133333333333333,0,0,0,0.0133333333333333,0,390000
0,0,0.0133333333333333,0.0133333333333333,0,0,0,0.0133333333333333,0,390500
0,0,0.0133333333333333,0.0133333333333333,0,0,0,0.0133333333333333,0,391000
0,0,0.0133333333333333,0.0133333333333333,0,0,0,0.0133333333333333,0,391500
0,0,0.0133333333333333,0.0133333333333333,0,0,0,0.0133333333333333,0,392000
0,0,0.0133333333333333,0.0133333333333333,0,0,0,0.0133333333333333,0,392500
0,0,0.0133333333333333,0.0133333333333333,0,0,0,0.0133333333333333,0,393000
0,0,0.0133333333333333,0.0133333333333333,0,0,0,0.0133333333333333,0,393500
0,0,0.0133333333333333,0.0133333333333333,0,0,0,0.0133333333333333,0,394000
0,0,0.0133333333333333,0.0133333333333333,0,0,0,0.0133333333333333,0,394500
0,0,0.0133333333333333,0.0133333333333333,0,0,0,0.0133333333333333,0,395000
0,0,0.0133333333333333,0.0133333333333333,0,0,0,0.0133333333333333,0,395500
0,0,0.0133333333333333,0.0133333333333333,0,0,0,0.0133333333333333,0,396000
0,0,0.0133333333333333,0.0133333333333333,0,0,0,0.0133333333333333,0,396500
0,0,0.0133333333333333,0.0133333333333333,0,0,0,0.0133333333333333,0,397000
0,0,0.0133333333333333,0.0133333333333333,0,0,0,0.0133333333333333,0,397500
0,0,0.0133333333333333,0.0133333333333333,0,0,0,0.0133333333333333,0,398000
0,0,0.0133333333333333,0.0133333333333333,0,0,0,0.0133333333333333,0,398500
0,0,0.0133333333333333,0.0133333333333333,0,0,0,0.0133333333333333,0,399000
0,0,0.0133333333333333,0.0133333333333333,0,0,0,0.0133333333333333,0,399500
0,0,0.0133333333333333,0.0133333333333333,0,0,0,0.0133333333333333,0,400000
0,0,0.0133333333333333,0.0133333333333333,0,0,0,0.0133333333333333,0,400500
